study,soil,dataset,ecosystem,climate,soil.t,mdw,mvol,mps,mwplog,mwp,bd,c.org,ps,clay,silt,sand,ph,n.org,CtoN,som,pd,co2.rel,co2.dw,co2.om
Franzluebers_1999,FARM_01,FARM_c,Grassland,Temperate,25,0.028,0.038,0.078,3.481,3025.52,1.359,0.014,0.481,0.09,0.09,0.82,5.8,0.001,14.17,0.02,2.62,0.431,0.429,31.52
Franzluebers_1999,FARM_01,FARM_c,Grassland,Temperate,25,0.072,0.104,0.227,2.732,539.96,1.441,0.014,0.45,0.09,0.09,0.82,5.8,0.001,14.17,0.02,2.62,0.594,0.624,45.879
Franzluebers_1999,FARM_01,FARM_c,Grassland,Temperate,25,0.116,0.183,0.452,1.362,23,1.577,0.014,0.398,0.09,0.09,0.82,5.8,0.001,14.17,0.02,2.62,0.687,0.75,55.179
Franzluebers_1999,FARM_01,FARM_c,Grassland,Temperate,25,0.144,0.211,0.47,1.13,13.48,1.462,0.014,0.442,0.09,0.09,0.82,5.8,0.001,14.17,0.02,2.62,0.805,0.832,61.159
Franzluebers_1999,FARM_01,FARM_c,Grassland,Temperate,25,0.174,0.251,0.553,0.827,6.72,1.445,0.014,0.448,0.09,0.09,0.82,5.8,0.001,14.17,0.02,2.62,0.874,0.932,68.544
Franzluebers_1999,FARM_01,FARM_c,Grassland,Temperate,25,0.202,0.294,0.65,0.656,4.53,1.454,0.014,0.445,0.09,0.09,0.82,5.8,0.001,14.17,0.02,2.62,1.05,1.075,79.062
Franzluebers_1999,FARM_01,FARM_c,Grassland,Temperate,25,0.246,0.35,0.758,0.525,3.35,1.425,0.014,0.456,0.09,0.09,0.82,5.8,0.001,14.17,0.02,2.62,0.822,0.876,64.39
Franzluebers_1999,FARM_01,FARM_c,Grassland,Temperate,25,0.29,0.382,0.758,0.199,1.58,1.316,0.014,0.497,0.09,0.09,0.82,5.8,0.001,14.17,0.02,2.62,0.817,0.928,68.267
Franzluebers_1999,FARM_02,FARM_c,Grassland,Temperate,25,0.028,0.036,0.071,3.398,2503.14,1.295,0.015,0.505,0.12,0.12,0.76,6.1,0.001,14.52,0.03,2.61,0.235,0.272,18.042
Franzluebers_1999,FARM_02,FARM_c,Grassland,Temperate,25,0.072,0.093,0.181,3.083,1209.96,1.289,0.015,0.507,0.12,0.12,0.76,6.1,0.001,14.52,0.03,2.61,0.447,0.552,36.549
Franzluebers_1999,FARM_02,FARM_c,Grassland,Temperate,25,0.116,0.158,0.323,1.567,36.91,1.359,0.015,0.48,0.12,0.12,0.76,6.1,0.001,14.52,0.03,2.61,0.673,0.812,53.791
Franzluebers_1999,FARM_02,FARM_c,Grassland,Temperate,25,0.144,0.209,0.461,1.448,28.05,1.449,0.015,0.446,0.12,0.12,0.76,6.1,0.001,14.52,0.03,2.61,0.774,0.933,61.809
Franzluebers_1999,FARM_02,FARM_c,Grassland,Temperate,25,0.174,0.244,0.517,1.093,12.38,1.401,0.015,0.464,0.12,0.12,0.76,6.1,0.001,14.52,0.03,2.61,0.952,1.123,74.359
Franzluebers_1999,FARM_02,FARM_c,Grassland,Temperate,25,0.202,0.267,0.534,0.849,7.07,1.323,0.015,0.494,0.12,0.12,0.76,6.1,0.001,14.52,0.03,2.61,0.92,1.088,72.045
Franzluebers_1999,FARM_02,FARM_c,Grassland,Temperate,25,0.246,0.372,0.864,0.707,5.09,1.511,0.015,0.422,0.12,0.12,0.76,6.1,0.001,14.52,0.03,2.61,0.828,0.997,66.034
Franzluebers_1999,FARM_02,FARM_c,Grassland,Temperate,25,0.29,0.402,0.842,0.484,3.05,1.385,0.015,0.47,0.12,0.12,0.76,6.1,0.001,14.52,0.03,2.61,0.827,1.045,69.19
Franzluebers_1999,FARM_03,FARM_c,Grassland,Temperate,25,0.028,0.034,0.063,3.795,6231.05,1.217,0.02,0.533,0.175,0.165,0.66,5.8,0.0015,13.38,0.04,2.6,0.17,0.224,11.083
Franzluebers_1999,FARM_03,FARM_c,Grassland,Temperate,25,0.072,0.085,0.152,3.313,2054.09,1.177,0.02,0.548,0.175,0.165,0.66,5.8,0.0015,13.38,0.04,2.6,0.449,0.629,31.127
Franzluebers_1999,FARM_03,FARM_c,Grassland,Temperate,25,0.116,0.149,0.291,2.765,582.6,1.289,0.02,0.505,0.175,0.165,0.66,5.8,0.0015,13.38,0.04,2.6,0.616,0.867,42.915
Franzluebers_1999,FARM_03,FARM_c,Grassland,Temperate,25,0.144,0.197,0.408,2.252,178.79,1.37,0.02,0.474,0.175,0.165,0.66,5.8,0.0015,13.38,0.04,2.6,0.7,0.984,48.691
Franzluebers_1999,FARM_03,FARM_c,Grassland,Temperate,25,0.174,0.223,0.43,1.672,46.94,1.279,0.02,0.509,0.175,0.165,0.66,5.8,0.0015,13.38,0.04,2.6,0.788,1.114,55.161
Franzluebers_1999,FARM_03,FARM_c,Grassland,Temperate,25,0.202,0.248,0.463,1.292,19.6,1.229,0.02,0.528,0.175,0.165,0.66,5.8,0.0015,13.38,0.04,2.6,0.811,1.134,56.138
Franzluebers_1999,FARM_03,FARM_c,Grassland,Temperate,25,0.246,0.325,0.65,0.872,7.45,1.323,0.02,0.492,0.175,0.165,0.66,5.8,0.0015,13.38,0.04,2.6,0.866,1.197,59.263
Franzluebers_1999,FARM_03,FARM_c,Grassland,Temperate,25,0.29,0.387,0.778,0.719,5.24,1.333,0.02,0.488,0.175,0.165,0.66,5.8,0.0015,13.38,0.04,2.6,0.958,1.353,66.983
Franzluebers_1999,FARM_04,FARM_c,Grassland,Temperate,25,0.028,0.038,0.08,3.655,4522.03,1.374,0.011,0.477,0.19,0.1,0.71,5.9,0.0007,15.07,0.02,2.63,0.099,0.122,11.401
Franzluebers_1999,FARM_04,FARM_c,Grassland,Temperate,25,0.072,0.1,0.21,3.163,1454.14,1.389,0.011,0.471,0.19,0.1,0.71,5.9,0.0007,15.07,0.02,2.63,0.539,0.602,56.223
Franzluebers_1999,FARM_04,FARM_c,Grassland,Temperate,25,0.116,0.185,0.467,2.037,108.95,1.597,0.011,0.392,0.19,0.1,0.71,5.9,0.0007,15.07,0.02,2.63,0.674,0.733,68.491
Franzluebers_1999,FARM_04,FARM_c,Grassland,Temperate,25,0.144,0.203,0.436,1.634,43.02,1.412,0.011,0.462,0.19,0.1,0.71,5.9,0.0007,15.07,0.02,2.63,0.974,1.027,95.975
Franzluebers_1999,FARM_04,FARM_c,Grassland,Temperate,25,0.174,0.269,0.643,1.178,15.05,1.543,0.011,0.412,0.19,0.1,0.71,5.9,0.0007,15.07,0.02,2.63,0.935,0.986,92.12
Franzluebers_1999,FARM_04,FARM_c,Grassland,Temperate,25,0.202,0.305,0.71,0.936,8.63,1.511,0.011,0.425,0.19,0.1,0.71,5.9,0.0007,15.07,0.02,2.63,1.095,1.133,105.887
Franzluebers_1999,FARM_04,FARM_c,Grassland,Temperate,25,0.246,0.395,1.006,0.474,2.98,1.608,0.011,0.388,0.19,0.1,0.71,5.9,0.0007,15.07,0.02,2.63,0.754,0.734,68.56
Franzluebers_1999,FARM_04,FARM_c,Grassland,Temperate,25,0.29,0.428,0.965,0.533,3.41,1.475,0.011,0.438,0.19,0.1,0.71,5.9,0.0007,15.07,0.02,2.63,0.788,0.947,88.499
Franzluebers_1999,FARM_05,FARM_c,Grassland,Temperate,25,0.028,0.036,0.069,3.795,6231.05,1.272,0.013,0.514,0.26,0.17,0.57,6,0.0009,13.94,0.02,2.62,0.123,0.132,10.076
Franzluebers_1999,FARM_05,FARM_c,Grassland,Temperate,25,0.072,0.084,0.15,3.736,5448.03,1.168,0.013,0.554,0.26,0.17,0.57,6,0.0009,13.94,0.02,2.62,0.228,0.318,24.304
Franzluebers_1999,FARM_05,FARM_c,Grassland,Temperate,25,0.116,0.157,0.322,3.23,1698.24,1.355,0.013,0.483,0.26,0.17,0.57,6,0.0009,13.94,0.02,2.62,0.478,0.634,48.386
Franzluebers_1999,FARM_05,FARM_c,Grassland,Temperate,25,0.144,0.185,0.358,2.794,622.8,1.282,0.013,0.511,0.26,0.17,0.57,6,0.0009,13.94,0.02,2.62,0.782,0.97,74.062
Franzluebers_1999,FARM_05,FARM_c,Grassland,Temperate,25,0.174,0.231,0.462,2.086,121.83,1.326,0.013,0.494,0.26,0.17,0.57,6,0.0009,13.94,0.02,2.62,0.651,0.866,66.12
Franzluebers_1999,FARM_05,FARM_c,Grassland,Temperate,25,0.202,0.266,0.531,1.596,39.42,1.319,0.013,0.496,0.26,0.17,0.57,6,0.0009,13.94,0.02,2.62,0.774,0.987,75.306
Franzluebers_1999,FARM_05,FARM_c,Grassland,Temperate,25,0.246,0.329,0.664,1.181,15.16,1.337,0.013,0.49,0.26,0.17,0.57,6,0.0009,13.94,0.02,2.62,0.861,1.117,85.253
Franzluebers_1999,FARM_05,FARM_c,Grassland,Temperate,25,0.29,0.39,0.791,0.839,6.91,1.344,0.013,0.487,0.26,0.17,0.57,6,0.0009,13.94,0.02,2.62,0.833,1.123,85.727
Franzluebers_1999,FARM_06,FARM_c,Grassland,Temperate,25,0.028,0.036,0.069,3.777,5982.15,1.276,0.014,0.513,0.1,0.125,0.775,6.5,0.0009,15.45,0.02,2.62,0.547,0.637,46.849
Franzluebers_1999,FARM_06,FARM_c,Grassland,Temperate,25,0.072,0.096,0.192,2.721,525.97,1.33,0.014,0.492,0.1,0.125,0.775,6.5,0.0009,15.45,0.02,2.62,0.53,0.727,53.463
Franzluebers_1999,FARM_06,FARM_c,Grassland,Temperate,25,0.116,0.15,0.294,1.721,52.62,1.295,0.014,0.505,0.1,0.125,0.775,6.5,0.0009,15.45,0.02,2.62,0.796,0.966,70.999
Franzluebers_1999,FARM_06,FARM_c,Grassland,Temperate,25,0.144,0.206,0.446,1.21,16.21,1.429,0.014,0.454,0.1,0.125,0.775,6.5,0.0009,15.45,0.02,2.62,0.87,1.101,80.947
Franzluebers_1999,FARM_06,FARM_c,Grassland,Temperate,25,0.174,0.242,0.511,0.934,8.59,1.393,0.014,0.468,0.1,0.125,0.775,6.5,0.0009,15.45,0.02,2.62,0.896,1.127,82.831
Franzluebers_1999,FARM_06,FARM_c,Grassland,Temperate,25,0.202,0.289,0.626,0.707,5.09,1.429,0.014,0.454,0.1,0.125,0.775,6.5,0.0009,15.45,0.02,2.62,0.878,1.094,80.478
Franzluebers_1999,FARM_06,FARM_c,Grassland,Temperate,25,0.246,0.369,0.852,0.572,3.73,1.502,0.014,0.427,0.1,0.125,0.775,6.5,0.0009,15.45,0.02,2.62,0.64,0.882,64.821
Franzluebers_1999,FARM_06,FARM_c,Grassland,Temperate,25,0.29,0.394,0.809,0.246,1.76,1.359,0.014,0.481,0.1,0.125,0.775,6.5,0.0009,15.45,0.02,2.62,0.926,1.368,100.6
Franzluebers_1999,FARM_07,FARM_c,Grassland,Temperate,25,0.028,0.031,0.055,3.739,5477.92,1.124,0.021,0.568,0.16,0.17,0.67,6.6,0.0013,16.06,0.04,2.6,0.265,0.297,14.032
Franzluebers_1999,FARM_07,FARM_c,Grassland,Temperate,25,0.072,0.089,0.166,3.273,1877.15,1.232,0.021,0.526,0.16,0.17,0.67,6.6,0.0013,16.06,0.04,2.6,0.421,0.558,26.308
Franzluebers_1999,FARM_07,FARM_c,Grassland,Temperate,25,0.116,0.144,0.269,2.725,530.78,1.238,0.021,0.524,0.16,0.17,0.67,6.6,0.0013,16.06,0.04,2.6,0.585,0.773,36.453
Franzluebers_1999,FARM_07,FARM_c,Grassland,Temperate,25,0.144,0.18,0.339,2.002,100.55,1.247,0.021,0.521,0.16,0.17,0.67,6.6,0.0013,16.06,0.04,2.6,0.74,0.949,44.764
Franzluebers_1999,FARM_07,FARM_c,Grassland,Temperate,25,0.174,0.228,0.45,1.362,23,1.309,0.021,0.497,0.16,0.17,0.67,6.6,0.0013,16.06,0.04,2.6,1.047,1.295,61.099
Franzluebers_1999,FARM_07,FARM_c,Grassland,Temperate,25,0.202,0.274,0.563,1.158,14.39,1.359,0.021,0.478,0.16,0.17,0.67,6.6,0.0013,16.06,0.04,2.6,0.846,1.092,51.492
Franzluebers_1999,FARM_07,FARM_c,Grassland,Temperate,25,0.246,0.318,0.62,0.838,6.88,1.292,0.021,0.503,0.16,0.17,0.67,6.6,0.0013,16.06,0.04,2.6,0.985,1.22,57.548
Franzluebers_1999,FARM_07,FARM_c,Grassland,Temperate,25,0.29,0.388,0.782,0.589,3.88,1.337,0.021,0.486,0.16,0.17,0.67,6.6,0.0013,16.06,0.04,2.6,0.739,1.013,47.782
Franzluebers_1999,FARM_08,FARM_c,Grassland,Temperate,25,0.028,0.031,0.053,3.854,7142.04,1.109,0.029,0.571,0.215,0.275,0.51,6.3,0.0017,16.9,0.05,2.58,0.134,0.202,6.866
Franzluebers_1999,FARM_08,FARM_c,Grassland,Temperate,25,0.072,0.08,0.138,3.562,3649.99,1.111,0.029,0.57,0.215,0.275,0.51,6.3,0.0017,16.9,0.05,2.58,0.403,0.613,20.84
Franzluebers_1999,FARM_08,FARM_c,Grassland,Temperate,25,0.116,0.134,0.237,3.25,1777.46,1.155,0.029,0.553,0.215,0.275,0.51,6.3,0.0017,16.9,0.05,2.58,0.48,0.756,25.712
Franzluebers_1999,FARM_08,FARM_c,Grassland,Temperate,25,0.144,0.157,0.265,2.927,845.4,1.087,0.029,0.579,0.215,0.275,0.51,6.3,0.0017,16.9,0.05,2.58,0.603,0.952,32.377
Franzluebers_1999,FARM_08,FARM_c,Grassland,Temperate,25,0.174,0.195,0.338,2.464,291.34,1.121,0.029,0.566,0.215,0.275,0.51,6.3,0.0017,16.9,0.05,2.58,0.65,1.04,35.368
Franzluebers_1999,FARM_08,FARM_c,Grassland,Temperate,25,0.202,0.229,0.399,1.818,65.8,1.131,0.029,0.562,0.215,0.275,0.51,6.3,0.0017,16.9,0.05,2.58,0.98,1.513,51.454
Franzluebers_1999,FARM_08,FARM_c,Grassland,Temperate,25,0.246,0.303,0.566,1.424,26.56,1.232,0.029,0.523,0.215,0.275,0.51,6.3,0.0017,16.9,0.05,2.58,0.828,1.276,43.411
Franzluebers_1999,FARM_08,FARM_c,Grassland,Temperate,25,0.29,0.339,0.606,1.008,10.19,1.168,0.029,0.548,0.215,0.275,0.51,6.3,0.0017,16.9,0.05,2.58,0.961,1.456,49.536
Franzluebers_1999,FARM_09,FARM_c,Grassland,Temperate,25,0.028,0.032,0.058,3.873,7458.59,1.157,0.017,0.556,0.255,0.205,0.54,6.5,0.0012,14.5,0.03,2.61,0.129,0.16,9.187
Franzluebers_1999,FARM_09,FARM_c,Grassland,Temperate,25,0.072,0.088,0.163,3.435,2720.19,1.223,0.017,0.532,0.255,0.205,0.54,6.5,0.0012,14.5,0.03,2.61,0.29,0.406,23.355
Franzluebers_1999,FARM_09,FARM_c,Grassland,Temperate,25,0.116,0.14,0.256,3.196,1570.59,1.205,0.017,0.538,0.255,0.205,0.54,6.5,0.0012,14.5,0.03,2.61,0.435,0.609,35.003
Franzluebers_1999,FARM_09,FARM_c,Grassland,Temperate,25,0.144,0.168,0.301,2.663,460.14,1.168,0.017,0.552,0.255,0.205,0.54,6.5,0.0012,14.5,0.03,2.61,0.632,0.859,49.382
Franzluebers_1999,FARM_09,FARM_c,Grassland,Temperate,25,0.174,0.234,0.475,1.94,87.12,1.344,0.017,0.485,0.255,0.205,0.54,6.5,0.0012,14.5,0.03,2.61,0.841,1.111,63.83
Franzluebers_1999,FARM_09,FARM_c,Grassland,Temperate,25,0.202,0.274,0.56,1.487,30.68,1.355,0.017,0.481,0.255,0.205,0.54,6.5,0.0012,14.5,0.03,2.61,0.959,1.235,70.992
Franzluebers_1999,FARM_09,FARM_c,Grassland,Temperate,25,0.246,0.328,0.66,1.064,11.6,1.333,0.017,0.489,0.255,0.205,0.54,6.5,0.0012,14.5,0.03,2.61,0.921,1.229,70.637
Franzluebers_1999,FARM_09,FARM_c,Grassland,Temperate,25,0.29,0.394,0.809,0.622,4.19,1.359,0.017,0.479,0.255,0.205,0.54,6.5,0.0012,14.5,0.03,2.61,0.822,1.148,65.968
Franzluebers_1999,FARM_10,FARM_c,Grassland,Temperate,25,0.028,0.034,0.064,3.804,6370.89,1.232,0.012,0.53,0.245,0.145,0.61,6.5,0.0008,14.22,0.02,2.62,0.11,0.108,9.186
Franzluebers_1999,FARM_10,FARM_c,Grassland,Temperate,25,0.072,0.092,0.177,3.358,2278.24,1.276,0.012,0.514,0.245,0.145,0.61,6.5,0.0008,14.22,0.02,2.62,0.398,0.419,35.52
Franzluebers_1999,FARM_10,FARM_c,Grassland,Temperate,25,0.116,0.15,0.293,1.677,47.58,1.292,0.012,0.507,0.245,0.145,0.61,6.5,0.0008,14.22,0.02,2.62,0.631,0.636,53.892
Franzluebers_1999,FARM_10,FARM_c,Grassland,Temperate,25,0.144,0.191,0.384,1.688,48.74,1.33,0.012,0.493,0.245,0.145,0.61,6.5,0.0008,14.22,0.02,2.62,0.739,0.782,66.296
Franzluebers_1999,FARM_10,FARM_c,Grassland,Temperate,25,0.174,0.25,0.546,1.289,19.46,1.437,0.012,0.452,0.245,0.145,0.61,6.5,0.0008,14.22,0.02,2.62,0.849,0.873,73.966
Franzluebers_1999,FARM_10,FARM_c,Grassland,Temperate,25,0.202,0.322,0.806,0.903,8,1.592,0.012,0.393,0.245,0.145,0.61,6.5,0.0008,14.22,0.02,2.62,0.831,0.88,74.58
Franzluebers_1999,FARM_10,FARM_c,Grassland,Temperate,25,0.246,0.367,0.841,0.55,3.55,1.493,0.012,0.431,0.245,0.145,0.61,6.5,0.0008,14.22,0.02,2.62,0.766,0.862,73.052
Franzluebers_1999,FARM_10,FARM_c,Grassland,Temperate,25,0.29,0.405,0.856,0.236,1.72,1.397,0.012,0.467,0.245,0.145,0.61,6.5,0.0008,14.22,0.02,2.62,0.65,0.781,66.155
Franzluebers_1999,FARM_11,FARM_c,Grassland,Temperate,25,0.028,0.035,0.066,3.481,3025.52,1.25,0.014,0.523,0.11,0.11,0.78,6,0.001,14.38,0.02,2.62,0.525,0.548,39.692
Franzluebers_1999,FARM_11,FARM_c,Grassland,Temperate,25,0.072,0.091,0.175,2.802,633.42,1.266,0.014,0.516,0.11,0.11,0.78,6,0.001,14.38,0.02,2.62,0.686,0.77,55.776
Franzluebers_1999,FARM_11,FARM_c,Grassland,Temperate,25,0.116,0.155,0.311,1.648,44.44,1.333,0.014,0.491,0.11,0.11,0.78,6,0.001,14.38,0.02,2.62,0.754,0.86,62.345
Franzluebers_1999,FARM_11,FARM_c,Grassland,Temperate,25,0.144,0.197,0.408,1.204,15.99,1.37,0.014,0.477,0.11,0.11,0.78,6,0.001,14.38,0.02,2.62,1.151,1.321,95.746
Franzluebers_1999,FARM_11,FARM_c,Grassland,Temperate,25,0.174,0.251,0.55,0.901,7.97,1.441,0.014,0.45,0.11,0.11,0.78,6,0.001,14.38,0.02,2.62,0.973,1.088,78.868
Franzluebers_1999,FARM_11,FARM_c,Grassland,Temperate,25,0.202,0.278,0.579,0.779,6.01,1.377,0.014,0.474,0.11,0.11,0.78,6,0.001,14.38,0.02,2.62,0.859,0.96,69.583
Franzluebers_1999,FARM_11,FARM_c,Grassland,Temperate,25,0.246,0.344,0.726,0.622,4.19,1.397,0.014,0.466,0.11,0.11,0.78,6,0.001,14.38,0.02,2.62,0.742,0.86,62.351
Franzluebers_1999,FARM_11,FARM_c,Grassland,Temperate,25,0.29,0.363,0.686,0.358,2.28,1.25,0.014,0.523,0.11,0.11,0.78,6,0.001,14.38,0.02,2.62,0.898,1.02,73.937
Franzluebers_1999,FARM_12,FARM_c,Grassland,Temperate,25,0.028,0.035,0.067,3.748,5602.41,1.26,0.015,0.518,0.15,0.125,0.725,6,0.0011,14.21,0.03,2.61,0.19,0.264,17.361
Franzluebers_1999,FARM_12,FARM_c,Grassland,Temperate,25,0.072,0.086,0.156,3.086,1220.25,1.191,0.015,0.545,0.15,0.125,0.725,6,0.0011,14.21,0.03,2.61,0.522,0.755,49.691
Franzluebers_1999,FARM_12,FARM_c,Grassland,Temperate,25,0.116,0.15,0.293,2.436,272.83,1.292,0.015,0.506,0.15,0.125,0.725,6,0.0011,14.21,0.03,2.61,0.573,0.91,59.848
Franzluebers_1999,FARM_12,FARM_c,Grassland,Temperate,25,0.144,0.188,0.371,1.544,34.97,1.306,0.015,0.501,0.15,0.125,0.725,6,0.0011,14.21,0.03,2.61,0.731,1.12,73.661
Franzluebers_1999,FARM_12,FARM_c,Grassland,Temperate,25,0.174,0.24,0.502,1.26,18.18,1.381,0.015,0.472,0.15,0.125,0.725,6,0.0011,14.21,0.03,2.61,0.883,1.304,85.794
Franzluebers_1999,FARM_12,FARM_c,Grassland,Temperate,25,0.202,0.259,0.502,0.873,7.47,1.282,0.015,0.51,0.15,0.125,0.725,6,0.0011,14.21,0.03,2.61,0.799,1.183,77.849
Franzluebers_1999,FARM_12,FARM_c,Grassland,Temperate,25,0.246,0.346,0.735,0.716,5.2,1.405,0.015,0.463,0.15,0.125,0.725,6,0.0011,14.21,0.03,2.61,0.885,1.273,83.732
Franzluebers_1999,FARM_12,FARM_c,Grassland,Temperate,25,0.29,0.394,0.809,0.549,3.54,1.359,0.015,0.48,0.15,0.125,0.725,6,0.0011,14.21,0.03,2.61,0.775,1.232,81.045
Franzluebers_1999,FARM_13,FARM_c,Grassland,Temperate,25,0.028,0.033,0.06,3.765,5818.27,1.188,0.016,0.545,0.21,0.175,0.615,6.1,0.0011,14.77,0.03,2.61,0.161,0.226,14.046
Franzluebers_1999,FARM_13,FARM_c,Grassland,Temperate,25,0.072,0.083,0.147,3.374,2363.47,1.152,0.016,0.559,0.21,0.175,0.615,6.1,0.0011,14.77,0.03,2.61,0.431,0.59,36.643
Franzluebers_1999,FARM_13,FARM_c,Grassland,Temperate,25,0.116,0.144,0.269,2.879,756.61,1.238,0.016,0.526,0.21,0.175,0.615,6.1,0.0011,14.77,0.03,2.61,0.619,0.883,54.873
Franzluebers_1999,FARM_13,FARM_c,Grassland,Temperate,25,0.144,0.178,0.333,2.427,267.25,1.235,0.016,0.527,0.21,0.175,0.615,6.1,0.0011,14.77,0.03,2.61,0.778,1.065,66.174
Franzluebers_1999,FARM_13,FARM_c,Grassland,Temperate,25,0.174,0.209,0.381,1.642,43.81,1.199,0.016,0.541,0.21,0.175,0.615,6.1,0.0011,14.77,0.03,2.61,0.923,1.278,79.367
Franzluebers_1999,FARM_13,FARM_c,Grassland,Temperate,25,0.202,0.269,0.542,1.278,18.95,1.333,0.016,0.49,0.21,0.175,0.615,6.1,0.0011,14.77,0.03,2.61,0.93,1.228,76.254
Franzluebers_1999,FARM_13,FARM_c,Grassland,Temperate,25,0.246,0.332,0.678,1.036,10.87,1.351,0.016,0.483,0.21,0.175,0.615,6.1,0.0011,14.77,0.03,2.61,1.059,1.519,94.366
Franzluebers_1999,FARM_13,FARM_c,Grassland,Temperate,25,0.29,0.383,0.762,0.563,3.66,1.319,0.016,0.495,0.21,0.175,0.615,6.1,0.0011,14.77,0.03,2.61,0.721,1.072,66.6
Franzluebers_1999,FARM_14,FARM_c,Grassland,Temperate,25,0.028,0.033,0.058,3.814,6517.06,1.163,0.019,0.554,0.245,0.22,0.535,6.2,0.0013,15.12,0.03,2.61,0.169,0.24,12.682
Franzluebers_1999,FARM_14,FARM_c,Grassland,Temperate,25,0.072,0.082,0.144,3.409,2564.53,1.139,0.019,0.563,0.245,0.22,0.535,6.2,0.0013,15.12,0.03,2.61,0.493,0.739,39.096
Franzluebers_1999,FARM_14,FARM_c,Grassland,Temperate,25,0.116,0.135,0.241,3.093,1239.61,1.166,0.019,0.553,0.245,0.22,0.535,6.2,0.0013,15.12,0.03,2.61,0.595,0.956,50.572
Franzluebers_1999,FARM_14,FARM_c,Grassland,Temperate,25,0.144,0.169,0.303,2.512,325.27,1.174,0.019,0.55,0.245,0.22,0.535,6.2,0.0013,15.12,0.03,2.61,0.755,1.191,63.036
Franzluebers_1999,FARM_14,FARM_c,Grassland,Temperate,25,0.174,0.205,0.368,1.71,51.29,1.177,0.019,0.549,0.245,0.22,0.535,6.2,0.0013,15.12,0.03,2.61,0.851,1.282,67.83
Franzluebers_1999,FARM_14,FARM_c,Grassland,Temperate,25,0.202,0.246,0.454,1.357,22.73,1.217,0.019,0.533,0.245,0.22,0.535,6.2,0.0013,15.12,0.03,2.61,1.052,1.681,88.946
Franzluebers_1999,FARM_14,FARM_c,Grassland,Temperate,25,0.246,0.311,0.596,1.037,10.88,1.266,0.019,0.514,0.245,0.22,0.535,6.2,0.0013,15.12,0.03,2.61,0.805,1.265,66.957
Franzluebers_1999,FARM_14,FARM_c,Grassland,Temperate,25,0.29,0.376,0.735,0.684,4.83,1.295,0.019,0.503,0.245,0.22,0.535,6.2,0.0013,15.12,0.03,2.61,0.758,1.224,64.75
Franzluebers_1999,FARM_15,FARM_c,Grassland,Temperate,25,0.028,0.031,0.054,4.125,13322.54,1.119,0.016,0.572,0.33,0.18,0.49,6.1,0.0013,13.12,0.03,2.61,0.089,0.135,8.209
Franzluebers_1999,FARM_15,FARM_c,Grassland,Temperate,25,0.072,0.077,0.128,3.661,4581.58,1.066,0.016,0.592,0.33,0.18,0.49,6.1,0.0013,13.12,0.03,2.61,0.16,0.272,16.584
Franzluebers_1999,FARM_15,FARM_c,Grassland,Temperate,25,0.116,0.13,0.225,3.272,1871.63,1.119,0.016,0.572,0.33,0.18,0.49,6.1,0.0013,13.12,0.03,2.61,0.469,0.765,46.618
Franzluebers_1999,FARM_15,FARM_c,Grassland,Temperate,25,0.144,0.167,0.298,3.036,1086.23,1.163,0.016,0.555,0.33,0.18,0.49,6.1,0.0013,13.12,0.03,2.61,0.663,1.037,63.212
Franzluebers_1999,FARM_15,FARM_c,Grassland,Temperate,25,0.174,0.201,0.356,2.601,399.31,1.155,0.016,0.558,0.33,0.18,0.49,6.1,0.0013,13.12,0.03,2.61,0.737,1.182,72.067
Franzluebers_1999,FARM_15,FARM_c,Grassland,Temperate,25,0.202,0.239,0.431,1.983,96.21,1.182,0.016,0.547,0.33,0.18,0.49,6.1,0.0013,13.12,0.03,2.61,0.79,1.259,76.762
Franzluebers_1999,FARM_15,FARM_c,Grassland,Temperate,25,0.246,0.304,0.569,1.418,26.18,1.235,0.016,0.527,0.33,0.18,0.49,6.1,0.0013,13.12,0.03,2.61,0.858,1.36,82.913
Franzluebers_1999,FARM_15,FARM_c,Grassland,Temperate,25,0.29,0.336,0.596,0.988,9.73,1.157,0.016,0.557,0.33,0.18,0.49,6.1,0.0013,13.12,0.03,2.61,0.904,1.461,89.083
Franzluebers_1999,FARM_01,FARM_n,Grassland,Temperate,25,0.046,0.064,0.136,3.447,2798.47,1.397,0.014,0.467,0.09,0.09,0.82,5.8,0.001,14.17,0.02,2.62,0.531,0.563,41.412
Franzluebers_1999,FARM_01,FARM_n,Grassland,Temperate,25,0.114,0.146,0.282,1.404,25.33,1.279,0.014,0.512,0.09,0.09,0.82,5.8,0.001,14.17,0.02,2.62,0.915,0.974,71.642
Franzluebers_1999,FARM_01,FARM_n,Grassland,Temperate,25,0.182,0.243,0.491,0.763,5.8,1.337,0.014,0.489,0.09,0.09,0.82,5.8,0.001,14.17,0.02,2.62,0.824,0.889,65.34
Franzluebers_1999,FARM_01,FARM_n,Grassland,Temperate,25,0.228,0.296,0.581,0.622,4.19,1.299,0.014,0.504,0.09,0.09,0.82,5.8,0.001,14.17,0.02,2.62,1.032,1.076,79.12
Franzluebers_1999,FARM_01,FARM_n,Grassland,Temperate,25,0.274,0.355,0.694,0.391,2.46,1.295,0.014,0.505,0.09,0.09,0.82,5.8,0.001,14.17,0.02,2.62,1.011,1.046,76.94
Franzluebers_1999,FARM_01,FARM_n,Grassland,Temperate,25,0.32,0.389,0.72,0.152,1.42,1.217,0.014,0.535,0.09,0.09,0.82,5.8,0.001,14.17,0.02,2.62,0.999,0.991,72.838
Franzluebers_1999,FARM_01,FARM_n,Grassland,Temperate,25,0.388,0.454,0.814,0.279,1.9,1.171,0.014,0.553,0.09,0.09,0.82,5.8,0.001,14.17,0.02,2.62,0.968,0.834,61.355
Franzluebers_1999,FARM_01,FARM_n,Grassland,Temperate,25,0.456,0.515,0.897,-0.051,0.89,1.129,0.014,0.569,0.09,0.09,0.82,5.8,0.001,14.17,0.02,2.62,0.754,0.661,48.625
Franzluebers_1999,FARM_02,FARM_n,Grassland,Temperate,25,0.046,0.054,0.097,3.542,3483.9,1.174,0.015,0.551,0.12,0.12,0.76,6.1,0.001,14.52,0.03,2.61,0.449,0.526,34.819
Franzluebers_1999,FARM_02,FARM_n,Grassland,Temperate,25,0.114,0.141,0.265,1.723,52.87,1.238,0.015,0.527,0.12,0.12,0.76,6.1,0.001,14.52,0.03,2.61,0.696,0.843,55.832
Franzluebers_1999,FARM_02,FARM_n,Grassland,Temperate,25,0.182,0.222,0.411,0.977,9.48,1.22,0.015,0.534,0.12,0.12,0.76,6.1,0.001,14.52,0.03,2.61,1.083,1.277,84.551
Franzluebers_1999,FARM_02,FARM_n,Grassland,Temperate,25,0.228,0.276,0.508,0.695,4.96,1.211,0.015,0.537,0.12,0.12,0.76,6.1,0.001,14.52,0.03,2.61,0.886,1.065,70.548
Franzluebers_1999,FARM_02,FARM_n,Grassland,Temperate,25,0.274,0.336,0.625,0.559,3.62,1.226,0.015,0.531,0.12,0.12,0.76,6.1,0.001,14.52,0.03,2.61,1.04,1.205,79.827
Franzluebers_1999,FARM_02,FARM_n,Grassland,Temperate,25,0.32,0.373,0.666,0.446,2.79,1.166,0.015,0.554,0.12,0.12,0.76,6.1,0.001,14.52,0.03,2.61,0.978,1.147,75.97
Franzluebers_1999,FARM_02,FARM_n,Grassland,Temperate,25,0.388,0.448,0.794,0.42,2.63,1.155,0.015,0.558,0.12,0.12,0.76,6.1,0.001,14.52,0.03,2.61,1.055,1.192,78.926
Franzluebers_1999,FARM_02,FARM_n,Grassland,Temperate,25,0.456,0.508,0.876,0.164,1.46,1.114,0.015,0.574,0.12,0.12,0.76,6.1,0.001,14.52,0.03,2.61,0.626,0.612,40.556
Franzluebers_1999,FARM_03,FARM_n,Grassland,Temperate,25,0.046,0.049,0.081,3.692,4917.78,1.055,0.02,0.595,0.175,0.165,0.66,5.8,0.0015,13.38,0.04,2.6,0.272,0.376,18.631
Franzluebers_1999,FARM_03,FARM_n,Grassland,Temperate,25,0.114,0.132,0.234,2.829,674.38,1.157,0.02,0.555,0.175,0.165,0.66,5.8,0.0015,13.38,0.04,2.6,0.576,0.836,41.381
Franzluebers_1999,FARM_03,FARM_n,Grassland,Temperate,25,0.182,0.2,0.343,1.544,35.01,1.101,0.02,0.577,0.175,0.165,0.66,5.8,0.0015,13.38,0.04,2.6,0.927,1.357,67.195
Franzluebers_1999,FARM_03,FARM_n,Grassland,Temperate,25,0.228,0.256,0.443,1.093,12.4,1.121,0.02,0.569,0.175,0.165,0.66,5.8,0.0015,13.38,0.04,2.6,0.834,1.211,59.932
Franzluebers_1999,FARM_03,FARM_n,Grassland,Temperate,25,0.274,0.291,0.487,0.58,3.8,1.064,0.02,0.591,0.175,0.165,0.66,5.8,0.0015,13.38,0.04,2.6,0.952,1.325,65.573
Franzluebers_1999,FARM_03,FARM_n,Grassland,Temperate,25,0.32,0.331,0.544,0.468,2.94,1.035,0.02,0.602,0.175,0.165,0.66,5.8,0.0015,13.38,0.04,2.6,0.883,1.219,60.37
Franzluebers_1999,FARM_03,FARM_n,Grassland,Temperate,25,0.388,0.412,0.687,0.316,2.07,1.062,0.02,0.592,0.175,0.165,0.66,5.8,0.0015,13.38,0.04,2.6,0.91,1.324,65.537
Franzluebers_1999,FARM_03,FARM_n,Grassland,Temperate,25,0.456,0.487,0.816,0.14,1.38,1.068,0.02,0.59,0.175,0.165,0.66,5.8,0.0015,13.38,0.04,2.6,1.036,1.404,69.504
Franzluebers_1999,FARM_04,FARM_n,Grassland,Temperate,25,0.046,0.056,0.104,3.591,3895.91,1.217,0.011,0.537,0.19,0.1,0.71,5.9,0.0007,15.07,0.02,2.63,0.472,0.496,46.32
Franzluebers_1999,FARM_04,FARM_n,Grassland,Temperate,25,0.114,0.14,0.26,2.259,181.56,1.226,0.011,0.533,0.19,0.1,0.71,5.9,0.0007,15.07,0.02,2.63,0.898,0.934,87.279
Franzluebers_1999,FARM_04,FARM_n,Grassland,Temperate,25,0.182,0.238,0.468,0.925,8.42,1.306,0.011,0.503,0.19,0.1,0.71,5.9,0.0007,15.07,0.02,2.63,0.931,0.999,93.409
Franzluebers_1999,FARM_04,FARM_n,Grassland,Temperate,25,0.228,0.304,0.612,0.69,4.9,1.333,0.011,0.492,0.19,0.1,0.71,5.9,0.0007,15.07,0.02,2.63,0.928,0.983,91.901
Franzluebers_1999,FARM_04,FARM_n,Grassland,Temperate,25,0.274,0.35,0.677,0.382,2.41,1.279,0.011,0.513,0.19,0.1,0.71,5.9,0.0007,15.07,0.02,2.63,1.001,1.058,98.913
Franzluebers_1999,FARM_04,FARM_n,Grassland,Temperate,25,0.32,0.409,0.791,0.255,1.8,1.279,0.011,0.513,0.19,0.1,0.71,5.9,0.0007,15.07,0.02,2.63,1.016,1.084,101.301
Franzluebers_1999,FARM_04,FARM_n,Grassland,Temperate,25,0.388,0.453,0.811,0.137,1.37,1.168,0.011,0.555,0.19,0.1,0.71,5.9,0.0007,15.07,0.02,2.63,0.891,0.882,82.46
Franzluebers_1999,FARM_04,FARM_n,Grassland,Temperate,25,0.456,0.504,0.866,0.196,1.57,1.106,0.011,0.579,0.19,0.1,0.71,5.9,0.0007,15.07,0.02,2.63,0.653,0.595,55.63
Franzluebers_1999,FARM_05,FARM_n,Grassland,Temperate,25,0.046,0.049,0.083,3.795,6231.05,1.071,0.013,0.591,0.26,0.17,0.57,6,0.0009,13.94,0.02,2.62,0.152,0.205,15.68
Franzluebers_1999,FARM_05,FARM_n,Grassland,Temperate,25,0.114,0.124,0.212,3.313,2054.09,1.092,0.013,0.583,0.26,0.17,0.57,6,0.0009,13.94,0.02,2.62,0.48,0.651,49.692
Franzluebers_1999,FARM_05,FARM_n,Grassland,Temperate,25,0.182,0.206,0.359,1.683,48.18,1.131,0.013,0.568,0.26,0.17,0.57,6,0.0009,13.94,0.02,2.62,0.722,0.96,73.31
Franzluebers_1999,FARM_05,FARM_n,Grassland,Temperate,25,0.228,0.246,0.416,1.373,23.62,1.08,0.013,0.588,0.26,0.17,0.57,6,0.0009,13.94,0.02,2.62,0.821,1.076,82.144
Franzluebers_1999,FARM_05,FARM_n,Grassland,Temperate,25,0.274,0.292,0.489,0.725,5.31,1.066,0.013,0.593,0.26,0.17,0.57,6,0.0009,13.94,0.02,2.62,0.874,1.132,86.447
Franzluebers_1999,FARM_05,FARM_n,Grassland,Temperate,25,0.32,0.334,0.551,0.647,4.44,1.044,0.013,0.602,0.26,0.17,0.57,6,0.0009,13.94,0.02,2.62,0.894,1.167,89.089
Franzluebers_1999,FARM_05,FARM_n,Grassland,Temperate,25,0.388,0.419,0.707,0.539,3.46,1.08,0.013,0.588,0.26,0.17,0.57,6,0.0009,13.94,0.02,2.62,1.013,1.316,100.421
Franzluebers_1999,FARM_05,FARM_n,Grassland,Temperate,25,0.456,0.481,0.799,0.111,1.29,1.055,0.013,0.597,0.26,0.17,0.57,6,0.0009,13.94,0.02,2.62,1.014,1.281,97.818
Franzluebers_1999,FARM_06,FARM_n,Grassland,Temperate,25,0.046,0.056,0.104,3.398,2503.14,1.217,0.014,0.535,0.1,0.125,0.775,6.5,0.0009,15.45,0.02,2.62,0.475,0.618,45.409
Franzluebers_1999,FARM_06,FARM_n,Grassland,Temperate,25,0.114,0.135,0.244,1.647,44.39,1.185,0.014,0.548,0.1,0.125,0.775,6.5,0.0009,15.45,0.02,2.62,0.716,0.894,65.759
Franzluebers_1999,FARM_06,FARM_n,Grassland,Temperate,25,0.182,0.231,0.443,0.799,6.29,1.269,0.014,0.515,0.1,0.125,0.775,6.5,0.0009,15.45,0.02,2.62,1.518,1.962,144.228
Franzluebers_1999,FARM_06,FARM_n,Grassland,Temperate,25,0.228,0.28,0.522,0.647,4.44,1.229,0.014,0.531,0.1,0.125,0.775,6.5,0.0009,15.45,0.02,2.62,0.938,1.091,80.223
Franzluebers_1999,FARM_06,FARM_n,Grassland,Temperate,25,0.274,0.324,0.585,0.529,3.38,1.182,0.014,0.549,0.1,0.125,0.775,6.5,0.0009,15.45,0.02,2.62,1.186,1.467,107.864
Franzluebers_1999,FARM_06,FARM_n,Grassland,Temperate,25,0.32,0.365,0.642,0.373,2.36,1.142,0.014,0.564,0.1,0.125,0.775,6.5,0.0009,15.45,0.02,2.62,0.896,1.079,79.348
Franzluebers_1999,FARM_06,FARM_n,Grassland,Temperate,25,0.388,0.463,0.842,0.246,1.76,1.193,0.014,0.544,0.1,0.125,0.775,6.5,0.0009,15.45,0.02,2.62,0.806,0.912,67.095
Franzluebers_1999,FARM_06,FARM_n,Grassland,Temperate,25,0.456,0.498,0.847,0.045,1.11,1.092,0.014,0.583,0.1,0.125,0.775,6.5,0.0009,15.45,0.02,2.62,0.438,0.473,34.769
Franzluebers_1999,FARM_07,FARM_n,Grassland,Temperate,25,0.046,0.054,0.097,3.506,3209.72,1.171,0.021,0.55,0.16,0.17,0.67,6.6,0.0013,16.06,0.04,2.6,0.337,0.429,20.237
Franzluebers_1999,FARM_07,FARM_n,Grassland,Temperate,25,0.114,0.126,0.217,2.549,354.26,1.106,0.021,0.575,0.16,0.17,0.67,6.6,0.0013,16.06,0.04,2.6,0.554,0.73,34.413
Franzluebers_1999,FARM_07,FARM_n,Grassland,Temperate,25,0.182,0.207,0.364,1.336,21.67,1.139,0.021,0.562,0.16,0.17,0.67,6.6,0.0013,16.06,0.04,2.6,0.809,1.046,49.316
Franzluebers_1999,FARM_07,FARM_n,Grassland,Temperate,25,0.228,0.251,0.428,0.787,6.13,1.099,0.021,0.577,0.16,0.17,0.67,6.6,0.0013,16.06,0.04,2.6,0.931,1.199,56.544
Franzluebers_1999,FARM_07,FARM_n,Grassland,Temperate,25,0.274,0.302,0.518,0.647,4.44,1.104,0.021,0.576,0.16,0.17,0.67,6.6,0.0013,16.06,0.04,2.6,0.866,1.125,53.042
Franzluebers_1999,FARM_07,FARM_n,Grassland,Temperate,25,0.32,0.327,0.531,0.609,4.06,1.02,0.021,0.608,0.16,0.17,0.67,6.6,0.0013,16.06,0.04,2.6,1.024,1.279,60.336
Franzluebers_1999,FARM_07,FARM_n,Grassland,Temperate,25,0.388,0.424,0.72,0.201,1.59,1.092,0.021,0.58,0.16,0.17,0.67,6.6,0.0013,16.06,0.04,2.6,0.991,1.238,58.398
Franzluebers_1999,FARM_07,FARM_n,Grassland,Temperate,25,0.456,0.477,0.788,0.405,2.54,1.046,0.021,0.598,0.16,0.17,0.67,6.6,0.0013,16.06,0.04,2.6,0.898,0.982,46.334
Franzluebers_1999,FARM_08,FARM_n,Grassland,Temperate,25,0.046,0.048,0.078,3.411,2574.5,1.035,0.029,0.599,0.215,0.275,0.51,6.3,0.0017,16.9,0.05,2.58,0.235,0.357,12.133
Franzluebers_1999,FARM_08,FARM_n,Grassland,Temperate,25,0.114,0.108,0.168,3.057,1139.28,0.945,0.029,0.634,0.215,0.275,0.51,6.3,0.0017,16.9,0.05,2.58,0.465,0.749,25.475
Franzluebers_1999,FARM_08,FARM_n,Grassland,Temperate,25,0.182,0.176,0.276,1.848,70.42,0.965,0.029,0.626,0.215,0.275,0.51,6.3,0.0017,16.9,0.05,2.58,0.718,1.149,39.084
Franzluebers_1999,FARM_08,FARM_n,Grassland,Temperate,25,0.228,0.223,0.353,1.444,27.79,0.977,0.029,0.622,0.215,0.275,0.51,6.3,0.0017,16.9,0.05,2.58,0.73,1.147,39.017
Franzluebers_1999,FARM_08,FARM_n,Grassland,Temperate,25,0.274,0.27,0.43,1.129,13.46,0.986,0.029,0.618,0.215,0.275,0.51,6.3,0.0017,16.9,0.05,2.58,0.862,1.346,45.797
Franzluebers_1999,FARM_08,FARM_n,Grassland,Temperate,25,0.32,0.334,0.551,0.729,5.36,1.044,0.029,0.596,0.215,0.275,0.51,6.3,0.0017,16.9,0.05,2.58,0.899,1.393,47.366
Franzluebers_1999,FARM_08,FARM_n,Grassland,Temperate,25,0.388,0.371,0.58,0.574,3.75,0.956,0.029,0.63,0.215,0.275,0.51,6.3,0.0017,16.9,0.05,2.58,0.933,1.412,48.019
Franzluebers_1999,FARM_08,FARM_n,Grassland,Temperate,25,0.456,0.431,0.67,0.328,2.13,0.945,0.029,0.634,0.215,0.275,0.51,6.3,0.0017,16.9,0.05,2.58,0.982,1.414,48.107
Franzluebers_1999,FARM_09,FARM_n,Grassland,Temperate,25,0.046,0.048,0.08,3.716,5194.42,1.046,0.017,0.599,0.255,0.205,0.54,6.5,0.0012,14.5,0.03,2.61,0.228,0.3,17.214
Franzluebers_1999,FARM_09,FARM_n,Grassland,Temperate,25,0.114,0.117,0.19,3.079,1199.21,1.023,0.017,0.608,0.255,0.205,0.54,6.5,0.0012,14.5,0.03,2.61,0.813,1.06,60.947
Franzluebers_1999,FARM_09,FARM_n,Grassland,Temperate,25,0.182,0.194,0.326,1.624,42.09,1.068,0.017,0.591,0.255,0.205,0.54,6.5,0.0012,14.5,0.03,2.61,0.833,1.159,66.581
Franzluebers_1999,FARM_09,FARM_n,Grassland,Temperate,25,0.228,0.254,0.438,1.01,10.23,1.114,0.017,0.573,0.255,0.205,0.54,6.5,0.0012,14.5,0.03,2.61,0.923,1.217,69.944
Franzluebers_1999,FARM_09,FARM_n,Grassland,Temperate,25,0.274,0.276,0.444,0.714,5.18,1.006,0.017,0.614,0.255,0.205,0.54,6.5,0.0012,14.5,0.03,2.61,0.926,1.243,71.443
Franzluebers_1999,FARM_09,FARM_n,Grassland,Temperate,25,0.32,0.354,0.608,0.461,2.89,1.106,0.017,0.576,0.255,0.205,0.54,6.5,0.0012,14.5,0.03,2.61,1.019,1.323,76.015
Franzluebers_1999,FARM_09,FARM_n,Grassland,Temperate,25,0.388,0.416,0.7,0.193,1.56,1.073,0.017,0.589,0.255,0.205,0.54,6.5,0.0012,14.5,0.03,2.61,0.971,1.241,71.342
Franzluebers_1999,FARM_09,FARM_n,Grassland,Temperate,25,0.456,0.483,0.805,0.678,4.76,1.059,0.017,0.594,0.255,0.205,0.54,6.5,0.0012,14.5,0.03,2.61,0.855,1.06,60.898
Franzluebers_1999,FARM_10,FARM_n,Grassland,Temperate,25,0.046,0.051,0.088,3.613,4100.15,1.111,0.012,0.576,0.245,0.145,0.61,6.5,0.0008,14.22,0.02,2.62,0.182,0.205,17.359
Franzluebers_1999,FARM_10,FARM_n,Grassland,Temperate,25,0.114,0.135,0.244,2.464,291.34,1.185,0.012,0.548,0.245,0.145,0.61,6.5,0.0008,14.22,0.02,2.62,0.669,0.7,59.301
Franzluebers_1999,FARM_10,FARM_n,Grassland,Temperate,25,0.182,0.213,0.38,0.929,8.5,1.168,0.012,0.555,0.245,0.145,0.61,6.5,0.0008,14.22,0.02,2.62,0.908,0.955,80.897
Franzluebers_1999,FARM_10,FARM_n,Grassland,Temperate,25,0.228,0.264,0.469,0.504,3.19,1.157,0.012,0.559,0.245,0.145,0.61,6.5,0.0008,14.22,0.02,2.62,0.919,0.943,79.954
Franzluebers_1999,FARM_10,FARM_n,Grassland,Temperate,25,0.274,0.319,0.57,0.489,3.08,1.166,0.012,0.556,0.245,0.145,0.61,6.5,0.0008,14.22,0.02,2.62,1.038,1.047,88.744
Franzluebers_1999,FARM_10,FARM_n,Grassland,Temperate,25,0.32,0.35,0.596,0.423,2.65,1.094,0.012,0.583,0.245,0.145,0.61,6.5,0.0008,14.22,0.02,2.62,0.945,0.957,81.123
Franzluebers_1999,FARM_10,FARM_n,Grassland,Temperate,25,0.388,0.449,0.797,0.387,2.44,1.157,0.012,0.559,0.245,0.145,0.61,6.5,0.0008,14.22,0.02,2.62,0.879,0.876,74.213
Franzluebers_1999,FARM_10,FARM_n,Grassland,Temperate,25,0.456,0.474,0.78,0.121,1.32,1.04,0.012,0.604,0.245,0.145,0.61,6.5,0.0008,14.22,0.02,2.62,0.603,0.503,42.641
Franzluebers_1999,FARM_11,FARM_n,Grassland,Temperate,25,0.046,0.057,0.105,3.367,2326.56,1.229,0.014,0.531,0.11,0.11,0.78,6,0.001,14.38,0.02,2.62,0.464,0.528,38.243
Franzluebers_1999,FARM_11,FARM_n,Grassland,Temperate,25,0.114,0.134,0.242,1.564,36.63,1.179,0.014,0.55,0.11,0.11,0.78,6,0.001,14.38,0.02,2.62,0.795,0.915,66.321
Franzluebers_1999,FARM_11,FARM_n,Grassland,Temperate,25,0.182,0.215,0.387,0.785,6.1,1.179,0.014,0.55,0.11,0.11,0.78,6,0.001,14.38,0.02,2.62,0.87,1.017,73.732
Franzluebers_1999,FARM_11,FARM_n,Grassland,Temperate,25,0.228,0.285,0.54,0.609,4.06,1.25,0.014,0.523,0.11,0.11,0.78,6,0.001,14.38,0.02,2.62,1.005,1.13,81.862
Franzluebers_1999,FARM_11,FARM_n,Grassland,Temperate,25,0.274,0.317,0.563,0.496,3.13,1.157,0.014,0.558,0.11,0.11,0.78,6,0.001,14.38,0.02,2.62,0.886,1.019,73.863
Franzluebers_1999,FARM_11,FARM_n,Grassland,Temperate,25,0.32,0.376,0.677,0.32,2.09,1.177,0.014,0.551,0.11,0.11,0.78,6,0.001,14.38,0.02,2.62,1.095,1.27,92.043
Franzluebers_1999,FARM_11,FARM_n,Grassland,Temperate,25,0.388,0.423,0.718,0.305,2.02,1.089,0.014,0.584,0.11,0.11,0.78,6,0.001,14.38,0.02,2.62,0.796,0.898,65.078
Franzluebers_1999,FARM_11,FARM_n,Grassland,Temperate,25,0.456,0.504,0.866,-0.143,0.72,1.106,0.014,0.577,0.11,0.11,0.78,6,0.001,14.38,0.02,2.62,0.71,0.672,48.698
Franzluebers_1999,FARM_12,FARM_n,Grassland,Temperate,25,0.046,0.05,0.085,3.446,2790.37,1.092,0.015,0.582,0.15,0.125,0.725,6,0.0011,14.21,0.03,2.61,0.315,0.466,30.654
Franzluebers_1999,FARM_12,FARM_n,Grassland,Temperate,25,0.114,0.122,0.203,2.26,181.85,1.066,0.015,0.592,0.15,0.125,0.725,6,0.0011,14.21,0.03,2.61,0.658,0.976,64.196
Franzluebers_1999,FARM_12,FARM_n,Grassland,Temperate,25,0.182,0.207,0.362,0.956,9.03,1.136,0.015,0.565,0.15,0.125,0.725,6,0.0011,14.21,0.03,2.61,0.785,1.176,77.378
Franzluebers_1999,FARM_12,FARM_n,Grassland,Temperate,25,0.228,0.26,0.455,0.689,4.89,1.139,0.015,0.564,0.15,0.125,0.725,6,0.0011,14.21,0.03,2.61,1.197,1.954,128.537
Franzluebers_1999,FARM_12,FARM_n,Grassland,Temperate,25,0.274,0.319,0.568,0.494,3.12,1.163,0.015,0.555,0.15,0.125,0.725,6,0.0011,14.21,0.03,2.61,0.75,1.162,76.469
Franzluebers_1999,FARM_12,FARM_n,Grassland,Temperate,25,0.32,0.361,0.629,0.384,2.42,1.129,0.015,0.568,0.15,0.125,0.725,6,0.0011,14.21,0.03,2.61,0.891,1.271,83.587
Franzluebers_1999,FARM_12,FARM_n,Grassland,Temperate,25,0.388,0.435,0.754,0.161,1.45,1.121,0.015,0.571,0.15,0.125,0.725,6,0.0011,14.21,0.03,2.61,1.134,1.559,102.566
Franzluebers_1999,FARM_12,FARM_n,Grassland,Temperate,25,0.456,0.506,0.869,0.053,1.13,1.109,0.015,0.576,0.15,0.125,0.725,6,0.0011,14.21,0.03,2.61,0.621,0.732,48.148
Franzluebers_1999,FARM_13,FARM_n,Grassland,Temperate,25,0.046,0.05,0.085,3.591,3895.91,1.092,0.016,0.582,0.21,0.175,0.615,6.1,0.0011,14.77,0.03,2.61,0.575,0.719,44.628
Franzluebers_1999,FARM_13,FARM_n,Grassland,Temperate,25,0.114,0.126,0.216,2.829,674.38,1.104,0.016,0.578,0.21,0.175,0.615,6.1,0.0011,14.77,0.03,2.61,0.57,0.821,50.969
Franzluebers_1999,FARM_13,FARM_n,Grassland,Temperate,25,0.182,0.194,0.326,1.417,26.15,1.068,0.016,0.591,0.21,0.175,0.615,6.1,0.0011,14.77,0.03,2.61,0.863,1.199,74.453
Franzluebers_1999,FARM_13,FARM_n,Grassland,Temperate,25,0.228,0.246,0.414,0.883,7.64,1.078,0.016,0.588,0.21,0.175,0.615,6.1,0.0011,14.77,0.03,2.61,1.055,1.41,87.548
Franzluebers_1999,FARM_13,FARM_n,Grassland,Temperate,25,0.274,0.304,0.524,0.631,4.28,1.111,0.016,0.575,0.21,0.175,0.615,6.1,0.0011,14.77,0.03,2.61,0.882,1.205,74.859
Franzluebers_1999,FARM_13,FARM_n,Grassland,Temperate,25,0.32,0.33,0.54,0.415,2.6,1.031,0.016,0.605,0.21,0.175,0.615,6.1,0.0011,14.77,0.03,2.61,0.993,1.361,84.563
Franzluebers_1999,FARM_13,FARM_n,Grassland,Temperate,25,0.388,0.428,0.734,0.431,2.7,1.104,0.016,0.578,0.21,0.175,0.615,6.1,0.0011,14.77,0.03,2.61,0.863,1.187,73.714
Franzluebers_1999,FARM_13,FARM_n,Grassland,Temperate,25,0.456,0.494,0.834,0.215,1.64,1.082,0.016,0.586,0.21,0.175,0.615,6.1,0.0011,14.77,0.03,2.61,0.722,0.794,49.332
Franzluebers_1999,FARM_14,FARM_n,Grassland,Temperate,25,0.046,0.048,0.078,3.624,4203.97,1.037,0.019,0.602,0.245,0.22,0.535,6.2,0.0013,15.12,0.03,2.61,0.184,0.315,16.67
Franzluebers_1999,FARM_14,FARM_n,Grassland,Temperate,25,0.114,0.118,0.193,3.115,1304.46,1.033,0.019,0.604,0.245,0.22,0.535,6.2,0.0013,15.12,0.03,2.61,0.504,0.808,42.731
Franzluebers_1999,FARM_14,FARM_n,Grassland,Temperate,25,0.182,0.169,0.261,1.589,38.78,0.931,0.019,0.643,0.245,0.22,0.535,6.2,0.0013,15.12,0.03,2.61,0.824,1.226,64.883
Franzluebers_1999,FARM_14,FARM_n,Grassland,Temperate,25,0.228,0.224,0.357,0.904,8.01,0.984,0.019,0.622,0.245,0.22,0.535,6.2,0.0013,15.12,0.03,2.61,0.88,1.373,72.628
Franzluebers_1999,FARM_14,FARM_n,Grassland,Temperate,25,0.274,0.292,0.489,0.649,4.46,1.066,0.019,0.591,0.245,0.22,0.535,6.2,0.0013,15.12,0.03,2.61,0.877,1.453,76.874
Franzluebers_1999,FARM_14,FARM_n,Grassland,Temperate,25,0.32,0.327,0.533,0.517,3.29,1.023,0.019,0.608,0.245,0.22,0.535,6.2,0.0013,15.12,0.03,2.61,0.868,1.334,70.581
Franzluebers_1999,FARM_14,FARM_n,Grassland,Temperate,25,0.388,0.39,0.629,0.201,1.59,1.006,0.019,0.614,0.245,0.22,0.535,6.2,0.0013,15.12,0.03,2.61,0.972,1.437,76.036
Franzluebers_1999,FARM_14,FARM_n,Grassland,Temperate,25,0.456,0.485,0.811,0.199,1.58,1.064,0.019,0.592,0.245,0.22,0.535,6.2,0.0013,15.12,0.03,2.61,0.936,1.383,73.158
Franzluebers_1999,FARM_15,FARM_n,Grassland,Temperate,25,0.046,0.045,0.073,4.068,11701.68,0.988,0.016,0.622,0.33,0.18,0.49,6.1,0.0013,13.12,0.03,2.61,0.103,0.172,10.469
Franzluebers_1999,FARM_15,FARM_n,Grassland,Temperate,25,0.114,0.116,0.188,3.394,2478.91,1.016,0.016,0.611,0.33,0.18,0.49,6.1,0.0013,13.12,0.03,2.61,0.326,0.559,34.059
Franzluebers_1999,FARM_15,FARM_n,Grassland,Temperate,25,0.182,0.175,0.275,2.041,109.85,0.962,0.016,0.632,0.33,0.18,0.49,6.1,0.0013,13.12,0.03,2.61,0.748,1.182,72.065
Franzluebers_1999,FARM_15,FARM_n,Grassland,Temperate,25,0.228,0.212,0.327,1.305,20.18,0.931,0.016,0.644,0.33,0.18,0.49,6.1,0.0013,13.12,0.03,2.61,0.845,1.357,82.746
Franzluebers_1999,FARM_15,FARM_n,Grassland,Temperate,25,0.274,0.267,0.422,0.975,9.43,0.975,0.016,0.627,0.33,0.18,0.49,6.1,0.0013,13.12,0.03,2.61,0.788,1.338,81.572
Franzluebers_1999,FARM_15,FARM_n,Grassland,Temperate,25,0.32,0.305,0.476,0.588,3.87,0.952,0.016,0.635,0.33,0.18,0.49,6.1,0.0013,13.12,0.03,2.61,0.97,1.548,94.372
Franzluebers_1999,FARM_15,FARM_n,Grassland,Temperate,25,0.388,0.361,0.555,0.433,2.71,0.929,0.016,0.644,0.33,0.18,0.49,6.1,0.0013,13.12,0.03,2.61,0.923,1.529,93.206
Franzluebers_1999,FARM_15,FARM_n,Grassland,Temperate,25,0.456,0.468,0.764,0.17,1.48,1.027,0.016,0.607,0.33,0.18,0.49,6.1,0.0013,13.12,0.03,2.61,1.029,1.569,95.695
