year,month,temp_surf,precip,moisture_upper_soil
2006,12,298.5720825195,431.1020672321,39.108669281
2007,1,298.4861450195,343.1822061539,37.3491859436
2007,2,298.5087280273,335.166671779,39.3474617004
2007,3,298.580871582,420.2508134767,40.2867164612
2007,4,298.2656860352,639.169964008,38.241443634
2007,5,298.4895629883,327.2805497982,38.202167511
2007,6,298.5560913086,257.1878589224,32.2614593506
2007,7,298.4243774414,219.7427542415,27.6467475891
2007,8,298.6775512695,202.1059307735,21.5512981415
2007,9,299.4830932617,70.7965145702,24.3330612183
2007,10,299.5202636719,133.8968012715,26.3843288422
2007,11,299.0534667969,199.1661835928,39.2708320618
2007,12,298.8157958984,439.7354316898,39.6318664551
2008,1,298.3982543945,424.4285216555,38.4236488342
2008,2,298.5942382813,359.5218504779,38.240486145
2008,3,298.3979492188,586.0353321768,38.5983848572
2008,4,298.2681274414,415.9818263724,39.7690467834
2008,5,298.4395141602,327.6022891514,36.5047836304
2008,6,298.6690063477,207.8147863504,30.628364563
2008,7,298.1481323242,145.5521865282,34.8108596802
2008,8,298.663269043,59.9091452896,35.480670929
2008,9,299.0682983398,91.4886879036,32.2627067566
2008,10,299.8427124023,172.6162747946,38.9122047424
2008,11,299.5881347656,140.7853520941,38.9780921936
2008,12,298.8314819336,554.4883171096,39.3440170288
2009,1,298.4345703125,217.3834769055,38.9368171692
2009,2,298.3494873047,338.8765566051,37.7198066711
2009,3,298.3719482422,470.3381625004,38.9666137695
2009,4,298.5242919922,318.7245838344,39.7214393616
2009,5,298.5013427734,216.8829704169,38.2717971802
2009,6,298.2656860352,169.5805904455,39.7980575562
2009,7,298.2028198242,22.7369155618,37.1334075928
2009,8,299.3629150391,128.399367677,34.7924156189
2009,9,299.067565918,127.6391500141,31.3508625031
2009,10,299.8341064453,79.160384601,35.7294769287
2009,11,300.1705932617,248.3894946054,38.3350219727
2009,12,298.5162963867,315.3811348602,37.8116226196
2010,1,298.5021362305,397.0789038576,37.7634468079
2010,2,298.6115722656,533.9049948379,35.5904197693
2010,3,298.5041503906,578.1586775556,38.875541687
2010,4,298.2632446289,542.568534147,37.6409721375
2010,5,298.4652099609,412.6343037933,39.1015625
2010,6,298.6287841797,136.2990589114,33.3064575195
2010,7,298.3079223633,167.9524686188,26.2385025024
2010,8,298.6948852539,124.4516012957,25.3382091522
2010,9,299.0543212891,90.7545337686,19.8366146088
2010,10,299.0509643555,160.8661687933,31.6654071808
2010,11,299.1762695313,214.245216921,40.3305740356
2010,12,298.7750244141,328.8388922811,39.4342575073
2011,1,298.598815918,378.1709647737,37.2775535583
2011,2,298.7870483398,276.8479061779,38.2878036499
2011,3,298.8145751953,399.3403203785,42.1351013184
2011,4,298.7290649414,414.2308929004,40.8568229675
2011,5,298.9486083984,250.5812826566,40.8434295654
2011,6,298.6668701172,243.2832119521,39.1352729797
2011,7,298.5553588867,191.0439999774,36.8734321594
2011,8,298.9353027344,148.5697659664,36.5100708008
2011,9,299.1810913086,108.3878399804,37.124786377
2011,10,299.4561157227,183.8653462473,38.9057312012
2011,11,299.0958862305,278.2846628688,41.8871650696
2011,12,298.8556518555,402.8926547617,39.0817832947
2012,1,298.9626464844,313.9483197592,37.2704200745
2012,2,298.6265258789,512.0866536163,37.8248062134
2012,3,298.7216186523,702.1452561021,39.2469902039
2012,4,298.5459594727,495.8005319349,39.1461791992
2012,5,298.6791992188,219.7612740565,38.2291221619
2012,6,298.1767578125,235.4280569125,40.7418022156
2012,7,298.3170166016,105.7566872332,39.5875587463
2012,8,298.4423217773,111.2623717636,38.9532012939
2012,9,299.0587158203,129.8672233243,38.6028556824
2012,10,299.2497558594,101.2596254004,39.6649856567
2012,11,298.8272094727,280.297570629,38.5423851013
2012,12,298.5738525391,389.3584040925,35.8226127625
2013,1,298.6339111328,301.0752000846,36.9856338501
2013,2,298.7297363281,332.3195613921,37.2077980042
2013,3,298.7128295898,563.5151993483,38.0532150269
2013,4,298.5117797852,289.5692652091,40.2490653992
2013,5,298.2084350586,348.0159910396,39.0436248779
2013,6,298.0548095703,239.5618418232,32.6959686279
2013,7,298.3697509766,119.0662295558,26.5275650024
2013,8,298.3010864258,207.8406235669,33.4720001221
2013,9,299.3353271484,43.9639758551,34.7022285461
2013,10,299.7962036133,123.4930688515,38.6370506287
2013,11,299.7921142578,150.2825942589,42.7355079651
2013,12,299.0623779297,272.2923334222,38.6264076233
2014,1,298.7020263672,692.8768996149,37.052444458
2014,2,298.7416992188,226.9818519708,39.9731063843
2014,3,298.5158081055,505.9624034911,39.0684318542
2014,4,298.3452148438,461.3979198039,40.5909996033
2014,5,298.4281005859,272.6368170697,39.1907958984
2014,6,298.2267456055,237.1007998008,39.6270637512
2014,7,297.9019775391,29.6586893674,37.8334846497
2014,8,298.5749511719,186.9367500767,36.0034942627
2014,9,299.5776977539,32.3435698519,37.9430503845
2014,10,300.9849853516,42.9769046023,38.8053970337
2014,11,300.5497436523,222.4195464514,39.0321540833
2014,12,298.9584350586,381.3385320827,38.9722442627
2015,1,298.8407592773,599.0225127898,38.2231903076
2015,2,298.6545410156,535.8228329569,38.5462112427
2015,3,298.8790893555,506.2238308601,39.9839019775
2015,4,298.8450317383,409.3326469883,39.6247406006
2015,5,298.6857910156,372.5155941211,38.2582626343
2015,6,298.4180908203,324.1899660788,35.621257782
2015,7,298.4917602539,176.109937951,31.6872558594
2015,8,298.9911499023,167.994260788,37.0015869141
2015,9,298.9559936523,133.8378282962,34.0049285889
2015,10,299.3594970703,107.5309024891,33.188533783
2015,11,299.4060668945,167.2896968666,39.0423431396
2015,12,299.3166503906,290.419253055,38.217086792
2016,1,298.8182983398,532.1103455499,38.7577285767
2016,2,298.8011474609,449.5291323401,39.1723518372
2016,3,298.681640625,631.1188610271,40.6193389893
2016,4,298.5576171875,413.5904693976,40.0063514709
2016,5,298.8342895508,193.3633899316,40.9214630127
2016,6,298.4467163086,154.5226040762,35.3970108032
2016,7,298.6636962891,87.0426309993,31.3954715729
2016,8,299.52734375,56.6286674584,28.1040363312
2016,9,299.9334716797,137.7105441643,36.9875717163
2016,10,299.7534179688,62.4208056252,33.7297554016
2016,11,300.6946411133,140.6054628314,39.7335472107
2016,12,299.32421875,258.6425319314,39.8640136719
2017,1,298.967590332,377.4273055606,38.7175178528
2017,2,299.1616821289,283.5653561633,39.939250946
2017,3,299.3169555664,223.9714579191,40.4847679138
2017,4,299.1768798828,400.3072357737,39.704082489
2017,5,299.024597168,186.8598230649,39.6135368347
2017,6,299.1118774414,214.2439156305,40.1562385559
2017,7,298.8233032227,169.3997865077,40.0270652771
2017,8,298.6494140625,61.9627513806,38.5582695007
2017,9,299.2481079102,119.1157163121,38.0957450867
2017,10,299.7963256836,98.4412754187,38.5158920288
2017,11,299.4396972656,155.680677155,41.0223731995
2017,12,299.470703125,152.6471521938,39.8389205933
2018,1,298.9430541992,478.0622078106,40.3654899597
2018,2,298.7122802734,413.1878991611,39.0734786987
2018,3,299.0551757813,324.4712334126,41.31199646
2018,4,298.9244384766,199.1061167791,40.0076942444
2018,5,298.889831543,575.9736788459,40.6458053589
2018,6,298.7011108398,304.9230782781,40.8452682495
2018,7,298.435546875,350.3362485208,40.0772018433
2018,8,298.6725463867,124.0429678001,39.7553749084
2018,9,298.5963745117,269.8167320341,39.4182472229
2018,10,299.0032958984,159.9151706323,37.7418136597
2018,11,299.0498657227,207.8619911335,36.4443206787
2018,12,299.1624755859,336.913720239,37.7029075623
2019,1,298.8721313477,451.855387073,36.7601966858
2019,2,298.4090576172,791.4535375312,38.8320426941
2019,3,298.8952026367,402.1483166143,40.1068153381
2019,4,298.6130981445,230.767079629,39.2179260254
2019,5,298.7065429688,284.8210260272,40.6040802002
2019,6,298.5754394531,236.7791736033,42.5991287231
2019,7,298.5403442383,141.9782205485,35.1726760864
2019,8,299.0991210938,80.8546930784,35.8451766968
2019,9,299.3305664063,168.0976662319,35.597076416
2019,10,300.2663574219,109.4254965428,38.6410942078
2019,11,299.4380493164,259.2272073962,37.6863479614
2019,12,299.0895385742,287.3897922691,36.9379234314
2020,1,299.3842773438,520.2162112109,36.2731590271
2020,2,299.0866088867,360.2888197638,36.5898590088
2020,3,298.979675293,138.2088724058,38.5229187012
2020,4,298.8099365234,334.233250469,39.3690299988
2020,5,298.717956543,397.8485888802,38.8562507629
2020,6,298.8643188477,266.1642548628,33.9738616943
2020,7,298.6981811523,43.680039933,26.2530078888
2020,8,298.7785644531,77.3151735775,20.5663967133
2020,9,300.0358886719,35.7789083209,21.0165195465
2020,10,300.186706543,124.4591450086,29.5455646515
2020,11,300.3707885742,149.2850513896,39.9869232178
2020,12,299.3416748047,326.2994522229,38.6886901855
2021,1,298.751953125,625.1520859078,35.2224273682
2021,2,298.9365234375,310.5779585894,41.5508804321
2021,3,298.8368530273,461.5642963909,41.8298835754
2021,4,298.8603515625,308.5704823025,40.8544883728
2021,5,298.7334594727,239.2749732826,38.6820793152
2021,6,298.83203125,265.2487687301,32.008731842
2021,7,298.6057128906,75.5446783151,26.2010345459
2021,8,299.2598266602,142.5617455971,22.6740932465
2021,9,299.5595703125,80.6377453264,24.3403930664
2021,10,299.7116699219,280.2929501049,32.3269729614
2021,11,299.6342163086,109.1884165071,39.513835907
2021,12,299.4522705078,294.3732712884,38.592628479
2022,1,299.2028808594,313.3167978376,38.8153114319
2022,2,299.0236816406,523.4185550362,39.7926216125
2022,3,298.9724121094,428.7566891871,39.1434402466
2022,4,299.0526733398,328.9455603808,38.7329216003
2022,5,299.0083007813,297.3601478152,42.0359306335
2022,6,298.9964599609,110.0414218381,40.3520698547
2022,7,298.8296508789,71.6699822224,39.5912475586
2022,8,299.6812133789,86.3246298395,38.3655662537
2022,9,300.573059082,75.4727112944,38.4073867798
2022,10,300.8275756836,136.6002982249,38.4334754944
2022,11,299.653137207,231.4682865981,40.8711547852
2022,12,299.494934082,243.9214289188,40.5971946716
2023,1,299.1796264648,389.7974858992,37.816280365
2023,2,298.97265625,292.6075709984,35.7646408081
2023,3,299.2647705078,247.1408403944,38.153553009
2023,4,299.0186767578,497.5394709036,39.5118789673
2023,5,299.1524658203,199.9321156181,40.2367362976
2023,6,298.9619750977,198.5178580508,41.5381698608
2023,7,298.6357421875,132.6713722665,40.6635398865
2023,8,299.4238891602,65.4118830571,39.0013008118
2023,9,299.7077026367,75.7409232901,40.2104911804
2023,10,300.524597168,116.1802313291,40.8562240601
2023,11,300.2802734375,86.8937935447,39.5594940186
2023,12,300.7731933594,126.1597241974,40.1837806702
2024,1,299.2709350586,417.6592086442,38.8099403381
2024,2,299.082824707,358.9613148943,38.9166145325
2024,3,298.9573974609,555.7042881846,38.9686546326
2024,4,299.4182739258,237.0105581358,39.4921607971
2024,5,299.2424926758,188.9320432674,39.8171157837
2024,6,298.9700927734,121.1232020287,40.7354545593
2024,7,299.0322875977,219.173411373,40.9092292786
2024,8,299.2401123047,190.1874113828,40.8986282349
2024,9,299.5288696289,124.85265336,39.50340271
2024,10,300.392578125,143.2288455544,40.544052124
2024,11,299.5756835938,290.9412025474,38.2126922607
2024,12,299.2720336914,311.6537863389,38.2615623474
2025,1,299.4300537109,403.7037924863,38.4116630554
2025,2,299.1924438477,207.836021902,37.1328315735
2025,3,298.8486938477,434.2100769281,38.5065879822
2025,4,299.0043945313,272.0823541749,39.7485618591
2025,5,298.9572753906,252.2797496058,40.1254806519
2025,6,298.7962646484,172.2614374012,39.8851203918
2025,7,298.9515380859,105.7870129589,38.8572921753
2025,8,299.3178100586,142.5279309042,38.0015106201
2025,9,300.2009277344,51.7190069659,38.5565490723
2025,10,300.0853881836,225.406272104,39.1860618591
2025,11,299.7297973633,162.6183092594,38.4896774292
2025,12,299.3701171875,242.8203297313,38.1603927612
2026,1,299.2937011719,307.9595169984,37.4079284668
2026,2,298.971496582,284.5446809661,37.087223053
2026,3,298.8449707031,613.5022547096,42.0541648865
2026,4,299.2821044922,332.9254724085,39.0851974487
2026,5,299.1721191406,214.779839851,37.2938346863
2026,6,299.1395263672,168.7739978079,30.8742275238
2026,7,298.811340332,90.6398127554,22.4921169281
2026,8,299.5314331055,38.5901389236,19.0937747955
2026,9,301.1503295898,45.8453684114,19.7159976959
2026,10,300.0418701172,174.1512883455,28.0976905823
2026,11,300.1236572266,175.180062186,34.5204467773
2026,12,299.3193359375,222.488703439,39.4286422729
2027,1,299.5146484375,243.196779862,39.7237243652
2027,2,299.3416137695,437.3307223432,42.0051841736
2027,3,299.4975585938,457.6186705381,41.4962501526
2027,4,299.1080322266,478.0840091407,41.1274108887
2027,5,299.260559082,174.237154657,41.6665916443
2027,6,299.278503418,250.246549258,40.1271018982
2027,7,299.1610717773,126.9440063043,41.0171394348
2027,8,299.4701538086,76.208873943,39.8651123047
2027,9,299.9838867188,74.8271156335,39.6179733276
2027,10,299.3413085938,184.8519318737,40.8132362366
2027,11,300.1633911133,138.649962726,38.4230918884
2027,12,299.1033325195,394.0086504444,39.0351905823
2028,1,299.162109375,463.5865772143,39.3316841125
2028,2,299.1784057617,566.0285004415,39.7643432617
2028,3,299.2810668945,324.6172419749,38.7225570679
2028,4,298.7230224609,549.4803478941,39.0149688721
2028,5,298.9743652344,230.6689925026,39.8500785828
2028,6,298.8115234375,362.1479300782,41.3779258728
2028,7,298.8158569336,194.0032099374,41.1043815613
2028,8,298.9892578125,275.7895987015,37.2370529175
2028,9,299.7487182617,96.8852809165,38.8554878235
2028,10,300.0368041992,107.884438592,40.9966087341
2028,11,299.375793457,235.3169003036,39.0154304504
2028,12,299.2577514648,173.937820131,36.3038330078
2029,1,299.1014404297,485.3734988719,36.4312744141
2029,2,299.0071411133,267.170076957,37.7631378174
2029,3,298.9237060547,318.0190203711,39.4590492249
2029,4,298.8944091797,273.362635402,38.6534500122
2029,5,299.0233764648,183.4983068984,39.1821594238
2029,6,298.549987793,178.0900871381,40.4388618469
2029,7,298.4080810547,176.8683828413,35.5536422729
2029,8,298.6633300781,86.2774439156,31.6052627563
2029,9,299.5133666992,150.2112778835,38.4260940552
2029,10,299.2083740234,112.9090416944,39.4932403564
2029,11,300.0700073242,112.7374882344,37.72315979
2029,12,299.4489135742,325.0696761534,39.0051612854
2030,1,299.1254882813,331.487942487,39.1769866943
2030,2,298.7266235352,415.2490678243,40.6613693237
2030,3,299.2014160156,296.6649380978,39.266910553
2030,4,299.0128173828,336.8227807805,39.9950294495
2030,5,298.9898071289,238.2270195521,39.6317253113
2030,6,299.1735229492,100.9134727065,35.0312957764
2030,7,298.9274291992,152.329420438,25.8602619171
2030,8,299.3024291992,160.6980194338,19.196680069
2030,9,299.3331298828,380.3431768902,19.2127971649
2030,10,299.5063476563,202.6665040758,33.3775367737
2030,11,299.2369384766,166.9708429836,41.3848075867
2030,12,299.4668579102,253.3645355143,40.9194297791
2031,1,299.3951416016,459.297071211,42.7689857483
2031,2,299.1212158203,441.7309700511,40.8611412048
2031,3,299.0535888672,345.7438624464,40.573551178
2031,4,298.8676147461,412.7261862159,39.3752708435
2031,5,299.0951538086,374.3918663822,40.835067749
2031,6,299.2658081055,194.0020783804,41.5901756287
2031,7,298.8181152344,224.9616833869,40.5725135803
2031,8,299.4467163086,25.5406684591,40.9962348938
2031,9,300.5857543945,55.7536203414,38.3459281921
2031,10,300.8454589844,128.4972756403,40.1786003113
2031,11,300.0156860352,221.056020353,40.5261230469
2031,12,299.6799316406,174.0569730755,38.8976097107
2032,1,299.327331543,414.4200515002,38.5661964417
2032,2,299.4273681641,223.8692028914,38.5347175598
2032,3,299.5693969727,191.8805222958,42.1868553162
2032,4,299.3825683594,231.9629089907,39.7433319092
2032,5,299.0375976563,256.3405490946,39.6492576599
2032,6,298.8233032227,117.1635825885,42.442905426
2032,7,298.9071044922,151.072439854,41.1832313538
2032,8,299.6423950195,67.2343733604,40.6335067749
2032,9,300.9993286133,10.5936972541,38.4353790283
2032,10,301.0590820313,104.8310265178,39.9274864197
2032,11,300.2076416016,217.0118358918,39.4846458435
2032,12,299.3413696289,349.8211260885,38.4224014282
2033,1,299.4200439453,442.1271658503,35.3569564819
2033,2,299.2087402344,358.610833995,38.6571769714
2033,3,299.4595336914,267.2298608813,39.7346687317
2033,4,299.4795532227,341.9391908683,38.0459938049
2033,5,299.571472168,265.8268434461,37.0667762756
2033,6,299.3569946289,236.5166712552,35.4099502563
2033,7,299.2979736328,144.3032211391,27.2267608643
2033,8,299.5606079102,117.1832339605,20.2827224731
2033,9,300.5239257813,66.9287634082,20.8728866577
2033,10,300.2456054688,224.5343320537,31.6274394989
2033,11,299.7866210938,314.4143891986,39.4623031616
2033,12,299.7100219727,240.1412366889,38.9458999634
2034,1,299.7675170898,395.9665833972,34.857837677
2034,2,299.5618286133,306.591313798,35.9831695557
2034,3,299.3396606445,361.3383765332,41.772315979
2034,4,299.4152832031,191.7441885453,40.5949172974
2034,5,299.4728393555,195.9324956406,38.3170471191
2034,6,299.3706054688,148.7245535245,30.1496772766
2034,7,299.3542480469,89.8062513443,20.1289043427
2034,8,299.9454956055,76.746255043,18.5047283173
2034,9,301.0944213867,33.5728838691,18.5820789337
2034,10,301.3410644531,95.2669564867,24.6400604248
2034,11,300.2412719727,265.6583546195,40.5339431763
2034,12,299.7807006836,283.2587608136,39.8138809204
2035,1,299.6720581055,262.3314829543,38.2568588257
2035,2,299.5041503906,464.0708835796,40.3226394653
2035,3,299.555480957,435.9304206446,41.1338157654
2035,4,299.4711914063,307.1233718656,39.9158058167
2035,5,299.5432739258,204.6897844411,40.160697937
2035,6,299.4114990234,209.2304583639,38.2271080017
2035,7,299.2911987305,154.0536303073,37.5310707092
2035,8,299.4930419922,73.9103282103,36.0240974426
2035,9,299.7503662109,97.8206824511,37.8835678101
2035,10,300.2951660156,128.6586639471,40.4570617676
2035,11,300.5462646484,102.7562225936,39.6451644897
2035,12,299.5933227539,355.3734873421,39.6137046814
2036,1,299.6113891602,421.168543864,41.8238105774
2036,2,299.6347045898,186.7081755772,41.1279830933
2036,3,299.5969238281,591.5811304003,38.8471183777
2036,4,299.5028686523,407.4557335116,38.7518959045
2036,5,299.8313598633,278.0049419962,38.7322273254
2036,6,299.6047363281,238.6562756728,40.4878616333
2036,7,299.7997436523,38.0449547956,39.9004402161
2036,8,300.1190795898,77.3802805343,39.2198600769
2036,9,300.9131469727,84.5539224101,40.9822845459
2036,10,301.3431396484,118.0938638281,38.4665107727
2036,11,300.7677612305,164.0099356882,38.6246490479
2036,12,299.8853759766,281.1126122251,40.1160087585
2037,1,299.8059692383,260.5824919883,38.9459152222
2037,2,299.7249145508,196.4860721491,39.4451141357
2037,3,299.4806518555,398.3995062299,39.4211769104
2037,4,299.3693237305,336.7628082633,40.6268501282
2037,5,299.6724243164,239.4683375023,39.3962287903
2037,6,299.8052978516,166.2013654131,36.8083724976
2037,7,299.3153686523,180.695214076,35.120174408
2037,8,299.7073974609,117.5099521643,34.633731842
2037,9,299.8713989258,113.2336570881,36.3150863647
2037,10,300.5719604492,115.6176589429,36.7041168213
2037,11,300.1740722656,207.4970828835,37.9082527161
2037,12,299.7975463867,313.7451487128,38.2521018982
2038,1,299.8529052734,253.5545616411,38.591003418
2038,2,299.7792358398,146.9864160754,38.6151924133
2038,3,299.5770874023,325.7157951593,40.7484893799
2038,4,299.6703491211,300.94869202,39.9325485229
2038,5,299.5294189453,341.4717069827,34.3029708862
2038,6,299.3413696289,169.2196049262,25.8518886566
2038,7,299.0834960938,58.5696506314,19.5405101776
2038,8,300.094543457,34.2094506486,19.1662960052
2038,9,301.0367431641,87.9238686757,19.4906730652
2038,10,300.4505615234,159.9317668006,23.8957462311
2038,11,301.0573730469,97.4171126727,37.767414093
2038,12,299.9747314453,235.2791063022,41.1935043335
2039,1,299.6663208008,330.0849627703,41.4831237793
2039,2,299.6323242188,365.6399147585,39.3155441284
2039,3,300.0218505859,309.3414497562,39.9878425598
2039,4,300.0809936523,276.188359363,38.1945266724
2039,5,299.7308959961,365.5128031969,40.1899223328
2039,6,299.5516357422,275.320983259,39.8582496643
2039,7,299.479309082,42.9838353884,40.5860557556
2039,8,300.7036132813,42.1097689541,39.9612464905
2039,9,300.3565063477,229.2386479676,39.3656196594
2039,10,300.6467895508,103.881178773,39.564250946
2039,11,300.0322265625,333.4897044115,37.8049125671
2039,12,299.8627319336,284.5257651061,38.871307373
2040,1,300.0325927734,393.2339111343,38.9451828003
2040,2,300.0485229492,416.3117129356,39.7234382629
2040,3,299.6370239258,351.0228772648,39.3611679077
2040,4,299.5123901367,537.3889831826,38.774723053
2040,5,299.4087524414,226.0015087668,38.11170578
2040,6,299.3031616211,99.0957302274,38.4222373962
2040,7,299.4262084961,131.4055938274,42.2289199829
2040,8,299.7439575195,141.1248663208,37.9699287415
2040,9,300.666015625,21.0434934706,37.1227416992
2040,10,300.4575195313,144.7129956214,37.9908332825
2040,11,299.7639160156,241.7690190487,37.4517593384
2040,12,299.6064453125,363.0954958498,38.0539855957
2041,1,299.7334594727,288.5542586446,37.4696273804
2041,2,299.6339111328,301.3245009352,37.89478302
2041,3,299.5205078125,443.095061928,39.3473968506
2041,4,299.2624511719,406.3168969005,39.7524604797
2041,5,299.5883789063,343.1897121482,39.8587303162
2041,6,299.8463134766,177.3303975351,34.0464439392
2041,7,299.7418212891,94.2478480283,30.6673030853
2041,8,299.5924072266,189.2213635147,29.9419994354
2041,9,299.9356079102,153.1676023733,33.5224990845
2041,10,300.1553344727,181.7572934087,38.4817657471
2041,11,299.779296875,298.092416022,40.5240936279
2041,12,299.7807617188,334.9036225118,39.3863296509
2042,1,299.7017211914,247.1191710792,38.2312583923
2042,2,299.5556640625,471.3506042026,37.64585495
2042,3,299.8472290039,306.7607078701,39.9452629089
2042,4,299.5189208984,255.855884403,39.5966529846
2042,5,299.1737670898,393.8475167379,39.0785446167
2042,6,299.4921875,104.5515508158,39.4115982056
2042,7,299.3770751953,43.3696727268,38.0133972168
2042,8,300.7418212891,63.85772262,38.7631874084
2042,9,301.1707763672,140.6455199467,37.9316215515
2042,10,300.9567871094,242.3009639606,40.5694503784
2042,11,300.8153076172,191.5053168777,39.6433105469
2042,12,299.9592285156,366.0340737551,38.4669914246
2043,1,299.857421875,292.9164671805,38.7745933533
2043,2,299.984375,313.3582882583,37.5733299255
2043,3,299.9854736328,250.2824573312,38.2750358582
2043,4,299.8727416992,163.9836269896,39.0648727417
2043,5,299.8053588867,188.4589015972,40.1196403503
2043,6,299.5358886719,211.5302723832,36.1018295288
2043,7,299.4111938477,69.6071256534,37.6304626465
2043,8,300.6092529297,82.9094778746,32.9183616638
2043,9,301.126953125,29.2937740451,33.0260429382
2043,10,301.9264526367,90.2064358816,39.3590393066
2043,11,301.6657104492,171.9664216507,38.1672210693
2043,12,300.5939331055,228.0462509952,40.1832885742
2044,1,299.5573120117,501.6620345414,37.269733429
2044,2,299.5842895508,619.5508413948,38.3634872437
2044,3,299.9025878906,562.3449808918,41.5266113281
2044,4,300.0131835938,257.5743233319,38.8675460815
2044,5,300.0908813477,358.3160634153,39.0464477539
2044,6,300.4250488281,128.519850201,35.0084037781
2044,7,299.8013916016,242.8950502072,30.6345996857
2044,8,299.8239135742,195.2485449146,27.764793396
2044,9,300.0955200195,241.8921513017,21.4495010376
2044,10,300.3142089844,76.0634924518,37.4105796814
2044,11,300.1289672852,225.6434841547,37.4360313416
2044,12,300.0947265625,403.4227137454,38.6140670776
2045,1,299.7764892578,412.7821605653,39.815776825
2045,2,299.8662719727,430.3014907055,39.7202568054
2045,3,299.9986572266,362.0168203488,39.6425056458
2045,4,299.90234375,214.5078135654,40.9710693359
2045,5,300.1881103516,162.0908905752,37.0202598572
2045,6,299.8302612305,244.8325774167,39.1437187195
2045,7,299.7104492188,207.3378728237,38.0335884094
2045,8,299.8453369141,206.4270637929,40.2109451294
2045,9,300.5306396484,78.5296500544,38.3239212036
2045,10,300.7142333984,135.7599191833,39.6051635742
2045,11,300.9837646484,118.0944201769,40.6386833191
2045,12,300.4978027344,173.2843082864,38.1157417297
2046,1,300.0451049805,375.9181103669,40.2068710327
2046,2,300.0930786133,314.0947243664,39.3591499329
2046,3,299.9824829102,455.5664788932,40.4909858704
2046,4,299.7649536133,303.0780369882,39.5760002136
2046,5,299.576965332,248.0019363575,38.0050468445
2046,6,299.505065918,82.6313128928,40.0004196167
2046,7,300.3792114258,19.9828332989,39.215385437
2046,8,300.8679199219,85.2705939906,37.0979423523
2046,9,301.5170898438,106.9815221708,38.8550415039
2046,10,301.395690918,150.0929547474,38.053894043
2046,11,301.4102783203,137.6701947302,38.8282585144
2046,12,300.317565918,218.3464129921,40.054485321
2047,1,300.0731811523,248.4025829472,37.8004875183
2047,2,299.7611694336,348.2565977611,38.5795555115
2047,3,300.3546142578,146.7503167223,40.3986358643
2047,4,299.6857910156,261.5685118362,38.6897392273
2047,5,299.7659912109,328.0388438143,38.6268844604
2047,6,299.951171875,128.1175722834,37.5457801819
2047,7,300.0600585938,34.7876620945,29.784406662
2047,8,301.2098388672,19.6072023682,31.0349216461
2047,9,301.7766113281,101.9707712112,27.2933750153
2047,10,301.8888549805,106.2087536557,36.3815803528
2047,11,301.8562011719,119.587368099,39.6617698669
2047,12,300.1390991211,272.4994649179,38.9108009338
2048,1,299.9327392578,363.7097049505,37.7341690063
2048,2,299.6959838867,493.8531978987,39.2571296692
2048,3,299.9810791016,580.3208188154,42.6890068054
2048,4,300.6921386719,181.7321728449,38.4882316589
2048,5,299.9646606445,397.193832323,32.0884208679
2048,6,299.7208251953,75.0974492985,30.0721626282
2048,7,299.9344482422,175.059475936,21.1860485077
2048,8,300.5681152344,27.563055366,19.1333312988
2048,9,301.8257446289,85.1125249173,20.5048694611
2048,10,301.1340332031,173.963959096,25.2952079773
2048,11,301.3384399414,147.9946804466,36.9508094788
2048,12,300.3224487305,324.3959848769,37.6285171509
2049,1,300.1422729492,317.9791895673,40.4807815552
2049,2,299.9348754883,600.8749846369,40.4874000549
2049,3,300.3477783203,435.082054697,41.9925460815
2049,4,299.5381469727,828.2483741641,40.7103729248
2049,5,299.650390625,447.1048470587,38.2068634033
2049,6,299.6605224609,318.6017721891,35.1517410278
2049,7,300.1207885742,197.7523409296,34.8040008545
2049,8,300.1623535156,99.0409534425,32.4995536804
2049,9,300.4460449219,215.1800338179,33.6301460266
2049,10,301.065612793,145.9163781255,38.7708816528
2049,11,300.751159668,186.6503530182,41.0163764954
2049,12,300.1080932617,233.708712738,39.5218963623
2050,1,300.1369628906,424.1111953743,39.2823181152
2050,2,300.3622436523,345.9601406939,39.3732566833
2050,3,300.7905883789,202.4346857797,40.6166992188
2050,4,300.310546875,459.1083275154,40.9962043762
2050,5,300.0163574219,345.5345621333,38.3967933655
2050,6,300.220703125,251.0170075111,35.4096488953
2050,7,300.1680908203,153.1919025583,33.5399742126
2050,8,300.4146728516,117.3953160178,24.0291137695
2050,9,300.8089599609,122.359814588,22.8887195587
2050,10,301.4824829102,79.8708514776,36.2226791382
2050,11,300.9979858398,207.0344081149,40.7882156372
2050,12,300.5199584961,322.9025183246,40.3666954041
2051,1,300.6046142578,261.2959574908,38.4097671509
2051,2,300.0776977539,609.3317130581,36.7819328308
2051,3,300.39453125,301.6620066483,41.2900466919
2051,4,300.139465332,383.6942450143,37.5874404907
2051,5,300.4752807617,200.2923656255,36.3282241821
2051,6,300.2088623047,70.709167805,34.4898223877
2051,7,300.5419921875,118.8703759108,22.8890266418
2051,8,301.4741210938,29.3304577062,19.2726039886
2051,9,302.9364624023,69.291171385,19.376750946
2051,10,302.2190551758,112.8383948235,27.1624736786
2051,11,301.3533935547,234.0481043793,38.4722862244
2051,12,300.5740966797,255.2309632301,39.4483337402
2052,1,300.3542480469,285.1941192057,36.9380378723
2052,2,299.9904785156,222.0084518194,40.7846221924
2052,3,300.0008544922,438.0539758131,40.5904197693
2052,4,299.7899169922,466.5942178108,41.2278938293
2052,5,299.9586791992,301.8294959329,40.9253807068
2052,6,299.8295288086,229.4635826256,39.1760139465
2052,7,300.0315551758,129.7722479794,39.5350189209
2052,8,300.6229248047,111.1371178413,40.1607513428
2052,9,301.2095336914,132.6552192913,37.0347061157
2052,10,300.8889160156,149.1096600657,39.7143974304
2052,11,300.6763916016,258.58976366,38.3840751648
2052,12,300.3704833984,182.4412441347,39.0281677246
2053,1,300.5689697266,267.8978755139,40.5670013428
2053,2,300.6130371094,381.0285986401,37.5492095947
2053,3,300.5363769531,430.1564628258,39.9554748535
2053,4,300.5653686523,267.9399128538,39.6987266541
2053,5,300.318359375,163.9731978066,41.4764022827
2053,6,300.143371582,214.7541535087,39.1573944092
2053,7,300.4196777344,204.2047991417,40.0423851013
2053,8,301.0186767578,53.251361358,39.7391815186
2053,9,301.028137207,138.6966960272,38.6064720154
2053,10,301.4442749023,128.6062068539,39.4490776062
2053,11,301.2326049805,172.726865625,40.1341629028
2053,12,300.387512207,297.7322414517,39.3147926331
2054,1,300.4071044922,361.834413372,39.0547027588
2054,2,300.5288696289,175.7853885647,38.2206726074
2054,3,299.9747924805,501.748975832,38.5948143005
2054,4,299.9376831055,322.2878566012,36.783657074
2054,5,300.1188354492,213.898224989,39.9045982361
2054,6,300.032409668,95.4388588434,35.4887008667
2054,7,300.2900390625,38.1985730783,38.097782135
2054,8,300.9662475586,63.5847816593,36.5868377686
2054,9,302.5336303711,88.2645144593,40.2528800964
2054,10,302.7517089844,75.0146099017,39.2256622314
2054,11,301.9284667969,183.3780223969,39.6642456055
2054,12,300.7997436523,293.4799636714,38.3903427124
2055,1,300.3359375,525.959843304,38.3777770996
2055,2,300.2625732422,296.848306898,37.1923789978
2055,3,300.5337524414,238.922531018,40.4166984558
2055,4,300.121887207,395.0561704114,38.8951530457
2055,5,300.4279785156,231.175232213,38.100227356
2055,6,300.2516479492,199.806569377,32.3624649048
2055,7,300.3053588867,135.265683406,29.5144062042
2055,8,300.78125,146.6705042403,31.6944274902
2055,9,300.8550415039,178.7710392382,31.6263370514
2055,10,300.7553710938,186.0662810504,36.4885025024
2055,11,300.4976806641,177.1663029213,40.3697776794
2055,12,300.2838134766,294.3588250782,40.0078392029
2056,1,300.4612426758,229.7647842206,38.2370109558
2056,2,300.3110351563,337.7529960126,38.5333328247
2056,3,300.2554321289,490.9329134971,40.6606140137
2056,4,299.8956298828,428.1061571091,40.1073608398
2056,5,300.4005737305,372.3998735659,39.9416542053
2056,6,300.3659667969,257.7364754397,38.6182136536
2056,7,300.8192749023,43.7852370087,33.9718093872
2056,8,301.3924560547,39.8931715172,34.2081184387
2056,9,301.8244628906,80.7874408783,34.8134307861
2056,10,301.6265869141,181.5172336064,40.1634254456
2056,11,301.1802368164,220.1428161934,41.3148269653
2056,12,300.8311157227,289.3974382896,39.9028358459
2057,1,300.1645507813,271.268255543,41.6612281799
2057,2,300.3469848633,462.5056008808,38.1713867188
2057,3,300.3447875977,339.2144772224,40.089214325
2057,4,300.2848510742,301.8428860232,39.4156799316
2057,5,300.4234008789,247.4379495252,39.1878471375
2057,6,300.6441650391,192.5470093265,37.8296775818
2057,7,300.4205932617,53.9441665169,39.9767112732
2057,8,301.6817626953,26.7824390321,39.2370986938
2057,9,302.6527099609,56.3682962093,37.8647041321
2057,10,302.8599853516,104.3380071642,40.3674659729
2057,11,302.1742553711,142.0037560165,39.7946662903
2057,12,301.2654418945,366.0158934072,40.6877365112
2058,1,300.4267578125,518.7132395804,37.5601043701
2058,2,300.7203979492,341.2464894354,37.9978103638
2058,3,300.7905883789,404.0105575696,41.5814819336
2058,4,300.5504760742,504.7970507294,38.9110107422
2058,5,300.7863769531,370.3298787586,38.0491027832
2058,6,300.6468505859,246.5336280875,36.4170799255
2058,7,300.9589233398,46.7299441807,34.5115585327
2058,8,301.809753418,77.1814565524,25.9710273743
2058,9,302.266784668,82.3740911437,27.5331172943
2058,10,301.9085693359,204.9332011957,40.183303833
2058,11,302.049987793,98.7012789119,40.001411438
2058,12,301.1533813477,293.9079750795,38.9299964905
2059,1,300.7457275391,502.7527045459,39.6316986084
2059,2,301.0120239258,273.0666389689,39.9100341797
2059,3,301.0261230469,363.1358547136,42.3803062439
2059,4,300.908996582,462.968445383,39.1525344849
2059,5,301.1865844727,282.977700932,39.3439254761
2059,6,301.0947265625,167.5772443414,36.4689407349
2059,7,300.8441162109,118.8225110527,34.4498977661
2059,8,301.4380493164,73.6279293196,31.0598697662
2059,9,301.9119262695,139.5439398475,38.3647232056
2059,10,302.4892578125,47.5146600511,38.6935768127
2059,11,302.9877929688,77.6056913892,40.4795455933
2059,12,301.0681152344,408.8638806716,39.0378456116
2060,1,300.7094116211,550.0741512515,37.848815918
2060,2,301.0545654297,501.1326544918,40.3478507996
2060,3,300.9462280273,344.9599952437,39.7766151428
2060,4,300.587890625,519.0906515345,38.7493896484
2060,5,300.7428588867,263.2957957685,35.8508453369
2060,6,300.9662475586,106.0940797906,33.1140289307
2060,7,301.1322021484,76.0734737269,29.5386066437
2060,8,301.6954345703,82.9991349019,20.4122695923
2060,9,302.3785400391,100.1771969022,20.0318012238
2060,10,302.8236083984,100.955019705,27.3677577972
2060,11,302.5757446289,104.6628017211,39.6568489075
2060,12,301.290222168,301.5374976676,38.2334785461
2061,1,301.0916748047,385.2486647666,39.4445228577
2061,2,300.448059082,749.1218419746,40.2290229797
2061,3,300.5667724609,754.8495568335,41.5088424683
2061,4,300.6439208984,382.0450385101,42.4461212158
2061,5,301.1802978516,251.010783948,38.0636444092
2061,6,301.0716552734,303.4782498144,37.8169555664
2061,7,300.7940063477,200.0656204764,37.613193512
2061,8,301.3054199219,106.0639709467,38.7042732239
2061,9,301.7737426758,81.344902399,39.0274505615
2061,10,302.8140258789,79.4091102434,40.1721801758
2061,11,302.9456787109,83.5466575809,40.4886131287
2061,12,301.9745483398,262.1798731852,39.7408752441
2062,1,301.076965332,414.5017121919,38.0079879761
2062,2,300.9451293945,468.3237648569,39.5785484314
2062,3,300.6748657227,692.3918388784,40.0690841675
2062,4,300.6627197266,624.6389248408,39.7655143738
2062,5,301.1757202148,269.3599602208,36.4354476929
2062,6,301.3634643555,208.0870578066,35.695526123
2062,7,300.946472168,155.2200014703,33.3639984131
2062,8,301.1491088867,253.8888424169,38.4015808105
2062,9,301.1325073242,331.1823843978,38.2092819214
2062,10,301.4277954102,244.722439209,35.5938072205
2062,11,301.116394043,327.3455011658,40.5394058228
2062,12,301.2260742188,304.7379555646,39.4523353577
2063,1,301.1110839844,330.3423919715,36.9830245972
2063,2,300.8232421875,446.8858153559,39.1450424194
2063,3,300.8463134766,490.6559460796,40.2234039307
2063,4,301.0376586914,289.4747047685,40.5337715149
2063,5,300.5860595703,447.453668341,35.527923584
2063,6,300.6267089844,199.0879552905,28.5166053772
2063,7,300.7008056641,104.8483110499,19.6305198669
2063,8,301.0982055664,73.4360125498,19.1561946869
2063,9,301.8641357422,139.6877041552,18.7041149139
2063,10,302.3656005859,83.4950397257,29.4103813171
2063,11,302.6768798828,177.9080950655,39.9952659607
2063,12,301.2725219727,262.7399372868,40.1629219055
2064,1,301.4551391602,270.2073266264,40.2969055176
2064,2,300.8051147461,599.6959023178,41.1114501953
2064,3,300.5043945313,485.7846312225,39.579334259
2064,4,300.7001342773,274.4902318809,40.4347229004
2064,5,300.6363525391,403.907510452,40.2339859009
2064,6,300.7874145508,187.9965097178,39.8551101685
2064,7,301.137878418,117.1483820071,38.2362556458
2064,8,301.7105712891,26.9687475229,39.3495674133
2064,9,301.7736816406,114.03488426,39.3471260071
2064,10,301.9902954102,203.986634966,40.6785049438
2064,11,300.9010009766,294.6312474087,40.1783180237
2064,12,300.9016723633,346.0246017203,41.447353363
2065,1,301.0176391602,373.7566103227,39.0773658752
2065,2,300.7277832031,713.7998398393,39.0775947571
2065,3,300.7891235352,582.9194015823,41.2949638367
2065,4,301.0957641602,272.8618460242,39.69115448
2065,5,300.9856567383,307.5224342756,40.2752761841
2065,6,300.8411254883,163.5209145024,40.8942680359
2065,7,300.9598999023,41.9818653027,41.3246459961
2065,8,301.8379516602,73.060090479,40.6666984558
2065,9,302.4301147461,127.2964014206,38.9388809204
2065,10,303.6885375977,40.7236777246,40.432434082
2065,11,302.7589111328,197.1446382813,37.7709007263
2065,12,301.5380249023,366.4254038595,39.4452362061
2066,1,301.4209594727,261.9769661687,40.802192688
2066,2,301.3931274414,353.2334868796,37.5997314453
2066,3,301.0665893555,535.8314705081,39.8694648743
2066,4,301.1008911133,367.2595876269,39.9812278748
2066,5,301.4872436523,190.7947557047,40.4550971985
2066,6,300.9134521484,148.1929292204,38.5498924255
2066,7,301.4790649414,84.5687646652,36.4549789429
2066,8,302.2653198242,81.9945575204,33.7581863403
2066,9,303.6248168945,52.4305158178,34.6511650085
2066,10,302.5249633789,192.7663050592,39.3358306885
2066,11,301.9985351563,242.0952846296,39.9679832458
2066,12,301.3233032227,308.42158827,37.8999900818
2067,1,301.7446899414,131.4606252126,38.08385849
2067,2,301.430847168,392.9331433028,36.0473136902
2067,3,300.6374511719,735.2083688602,40.0395240784
2067,4,300.9630737305,269.1971857566,40.970993042
2067,5,300.9801025391,215.4434979893,37.3152961731
2067,6,300.7615966797,155.7999809738,28.1886520386
2067,7,301.0968017578,11.7358719581,20.2579879761
2067,8,302.887878418,21.2211950566,19.4340267181
2067,9,304.0166015625,45.8550337935,20.3252449036
2067,10,303.916809082,104.4450241607,33.3634033203
2067,11,303.6001586914,87.9572496051,40.1390266418
2067,12,301.6732788086,291.4599271026,38.0119514465
2068,1,300.9636230469,515.6158288009,39.6743736267
2068,2,301.1032714844,531.4269606024,41.7110519409
2068,3,301.5567626953,249.0890042391,42.3740997314
2068,4,301.6272583008,337.8987782635,40.437412262
2068,5,301.3540039063,346.4613826945,35.9557647705
2068,6,301.3240356445,135.6642837636,30.909029007
2068,7,301.5463867188,104.6574079664,24.5738277435
2068,8,300.9951782227,283.671684796,20.958612442
2068,9,301.8274536133,134.1982951853,31.512336731
2068,10,302.665222168,89.5828442881,36.7623519897
2068,11,301.975769043,214.4822780974,36.8918151855
2068,12,301.701171875,192.5109126605,36.920124054
2069,1,301.0140380859,598.2621819712,36.8942184448
2069,2,300.6893920898,535.4192820378,38.9993171692
2069,3,300.8101196289,558.2075184211,40.7430419922
2069,4,301.0609130859,391.0260926932,38.6789970398
2069,5,301.2306518555,365.4054184444,39.1444129944
2069,6,301.2012329102,129.6367628966,32.9558525085
2069,7,301.7163085938,50.1668031793,31.734128952
2069,8,302.2240600586,98.5452183522,32.0426101685
2069,9,302.6211547852,147.4265257129,27.1240844727
2069,10,301.9658203125,268.2594833896,38.9245262146
2069,11,301.5814208984,256.5384584013,39.8902168274
2069,12,301.4505615234,329.6359232627,40.9766845703
2070,1,301.1387329102,447.094512172,38.342666626
2070,2,301.6280517578,199.0882758982,37.7838592529
2070,3,300.8788452148,648.9701522514,38.9288673401
2070,4,301.1425170898,453.8550744765,41.6928787231
2070,5,301.1750488281,342.0526860282,33.1273384094
2070,6,301.4580688477,88.4094763314,28.2627086639
2070,7,301.7616577148,110.0363581209,19.8082408905
2070,8,302.6074829102,103.2625000225,20.8852939606
2070,9,303.4483032227,73.6726116738,21.6653709412
2070,10,303.1838989258,159.9254300818,27.661441803
2070,11,302.9050292969,259.4366397243,37.3748893738
2070,12,301.4232177734,316.3293984253,39.102897644
2071,1,301.7999267578,254.4896991458,37.509727478
2071,2,301.5894775391,455.4457040504,39.284942627
2071,3,302.2200317383,98.2375197345,41.7379989624
2071,4,301.2584228516,410.3714916855,40.7246627808
2071,5,301.099609375,242.2646032646,37.9985160828
2071,6,301.3054199219,90.6150976662,32.7548484802
2071,7,301.3531494141,252.3126967717,26.6375141144
2071,8,301.9667358398,121.9185356749,35.6477737427
2071,9,302.4487915039,135.2676636307,34.337600708
2071,10,302.9149780273,209.8299572244,39.6886978149
2071,11,301.9861450195,179.7125700396,39.0794334412
2071,12,301.4536132813,311.1822665669,39.1785888672
2072,1,301.2980957031,534.3149956316,38.5907211304
2072,2,301.2045288086,458.103693556,36.8964500427
2072,3,301.6976928711,458.7824768387,39.6483192444
2072,4,301.4353637695,397.4643875845,40.0187149048
2072,5,301.5289916992,350.7312373258,38.9775390625
2072,6,301.4373168945,156.0514129233,32.2193832397
2072,7,302.0504760742,11.1571324524,25.0296154022
2072,8,302.2182617188,95.8517922554,31.6649971008
2072,9,303.6786499023,13.7303164811,22.5451488495
2072,10,304.9387207031,67.7222205559,32.7989692688
2072,11,304.1773681641,104.9903685926,43.9181976318
2072,12,301.9254150391,398.6799814738,39.5932388306
2073,1,301.2608032227,594.3793952465,38.6407928467
2073,2,301.7916259766,346.4756025933,39.7699966431
2073,3,301.7067260742,343.2364077307,41.2815475464
2073,4,301.4119262695,295.8866532426,41.4441642761
2073,5,301.3312988281,364.1878254712,39.3796806335
2073,6,301.4459838867,226.7217258923,37.1151924133
2073,7,301.5068969727,152.4211331271,36.9667167664
2073,8,302.2149047852,62.8838245757,36.5109367371
2073,9,302.7965087891,77.0215581288,36.5873718262
2073,10,304.2153320313,56.5289914375,40.7410697937
2073,11,303.4169921875,174.67685882,40.48985672
2073,12,301.626953125,462.4573588371,40.9533004761
2074,1,301.1984863281,620.2395823784,38.8259811401
2074,2,301.3989868164,313.9325156808,39.0047492981
2074,3,301.2716064453,533.9330197312,39.3752174377
2074,4,301.2324829102,564.2834510654,38.5441551208
2074,5,301.1957397461,270.0601299293,39.1896972656
2074,6,301.5430297852,116.1184671801,39.1994972229
2074,7,301.9668579102,97.5643187994,36.3034057617
2074,8,301.9413452148,210.091422312,35.3561477661
2074,9,302.3021850586,103.8486653706,38.4908981323
2074,10,302.2655639648,166.178960586,39.0208435059
2074,11,301.715637207,281.318555586,40.9559364319
2074,12,301.5158691406,270.9259029944,39.6423606873
2075,1,301.7746582031,417.9505091161,37.5812797546
2075,2,301.5717773438,275.2858484164,38.1075172424
2075,3,301.0725097656,348.9583516493,37.9758758545
2075,4,301.4295654297,263.007060159,39.080696106
2075,5,301.4974365234,246.9455713872,38.2162857056
2075,6,301.2312011719,188.0982366856,33.7696075439
2075,7,301.8092651367,14.7107787343,26.3799533844
2075,8,303.5107421875,54.4207547209,19.108537674
2075,9,303.7175292969,57.1189663606,22.1946125031
2075,10,304.8798828125,27.2305096441,34.0657691956
2075,11,303.2149658203,192.7344140131,39.9264945984
2075,12,301.7205810547,301.9303742331,39.0321922302
2076,1,301.1971435547,556.5484673716,37.5568618774
2076,2,301.6793212891,267.8157810587,40.358417511
2076,3,301.6753540039,427.4899866432,41.6246109009
2076,4,302.0726318359,191.0733450204,40.6368675232
2076,5,301.8082885742,261.5298880264,41.1851768494
2076,6,301.5748291016,24.3782577454,39.7605895996
2076,7,302.6666870117,35.7492733165,39.7768592834
2076,8,304.3556518555,17.7235172305,37.7249107361
2076,9,304.8571166992,47.7176236454,40.4382019043
2076,10,303.556640625,145.8235998871,40.2094230652
2076,11,303.3881835938,162.4869166408,38.4789276123
2076,12,301.7687988281,322.1338517033,37.1782188416
2077,1,301.4845581055,537.4547643587,38.5114517212
2077,2,301.2197875977,682.2158982977,39.9251365662
2077,3,301.3665771484,517.2974732704,40.138168335
2077,4,300.9971923828,633.4041533992,40.6462898254
2077,5,301.4419555664,333.1298693083,39.1716308594
2077,6,301.6836547852,146.6274673585,40.2084503174
2077,7,302.0895996094,11.033961302,39.841381073
2077,8,303.291809082,32.0641106518,38.1780891418
2077,9,304.1229248047,52.4303460843,39.4205245972
2077,10,304.012878418,130.2659462672,38.6501693726
2077,11,303.9353637695,172.9563830886,38.3806114197
2077,12,302.2274780273,371.8546517193,38.4731903076
2078,1,302.1709594727,260.582869174,36.2240715027
2078,2,301.6266479492,669.6497322991,36.215221405
2078,3,301.741027832,613.019532524,36.5550117493
2078,4,302.3322143555,192.8161501419,39.5022697449
2078,5,302.1749267578,228.7691272795,39.7537956238
2078,6,302.1093139648,166.9313516468,38.2122306824
2078,7,302.0516357422,57.1871473803,31.0324249268
2078,8,302.7825317383,68.0815558881,22.0942192078
2078,9,304.1045532227,89.1782089602,32.7558174133
2078,10,303.7397460938,157.7814125922,40.4342842102
2078,11,303.4478759766,202.7971800417,38.7815361023
2078,12,302.435546875,227.7482366189,38.8647384644
2079,1,302.26953125,442.2004153021,39.3055839539
2079,2,302.1212768555,240.2492815163,37.8268928528
2079,3,302.4095458984,189.5673370454,41.021697998
2079,4,302.2245483398,241.7962518521,40.5407905579
2079,5,301.8044433594,318.5808006674,36.4490394592
2079,6,301.7509765625,138.3747209329,29.4804096222
2079,7,302.3071899414,93.2836483698,21.1760597229
2079,8,303.2803955078,52.4383282755,20.0128955841
2079,9,304.698425293,34.9175671872,24.0879592896
2079,10,304.7981567383,58.947548212,31.8687725067
2079,11,303.405456543,173.6929134931,41.308555603
2079,12,301.8414916992,360.1039610803,40.7258415222
2080,1,301.7548217773,251.2217250187,39.4710044861
2080,2,301.3363037109,566.9704838656,41.4162216187
2080,3,301.7206420898,306.8060267251,41.1944923401
2080,4,301.8569335938,373.0115178041,41.3362770081
2080,5,301.7512207031,271.0059040692,35.9088134766
2080,6,301.9302978516,115.3703571763,34.2276687622
2080,7,302.2940673828,1.9425445153,36.1650047302
2080,8,303.6249389648,60.1391153759,33.7729110718
2080,9,304.2742919922,76.9420992583,35.8329963684
2080,10,303.2838745117,185.2859782521,40.2289505005
2080,11,302.8121948242,256.2431597617,40.4268074036
2080,12,301.9625854492,312.87117186,40.1488380432
2081,1,301.8276367188,509.3178469688,40.4067955017
2081,2,302.3354492188,257.5589718763,38.6014823914
2081,3,301.9271850586,493.1851644069,38.5673484802
2081,4,301.9267578125,493.6727900058,41.57188797
2081,5,302.1883544922,321.5742968023,36.6118087769
2081,6,302.3924560547,195.2509023249,36.3361663818
2081,7,302.9547119141,33.2515028422,41.049407959
2081,8,303.7733154297,48.5856645391,37.0745429993
2081,9,304.9392700195,26.003901934,39.5046157837
2081,10,304.366027832,121.3673260063,39.3678894043
2081,11,303.8959960938,172.838097671,38.9717788696
2081,12,302.3041381836,288.381092716,37.457195282
2082,1,301.9729614258,547.776939813,35.0457115173
2082,2,301.723449707,701.419852674,35.0386238098
2082,3,301.9268798828,551.273111254,37.3130950928
2082,4,301.7122802734,519.7279066779,38.9903526306
2082,5,301.688293457,341.0371514037,40.359375
2082,6,302.3809204102,63.4653033921,35.228099823
2082,7,302.6187744141,47.5539250765,32.600730896
2082,8,304.1092529297,51.8333319342,28.5894966125
2082,9,304.0256958008,160.5186676607,34.9662399292
2082,10,303.5594482422,168.1130742654,39.4244766235
2082,11,303.1377563477,183.9608307928,39.486656189
2082,12,302.4521484375,249.0253353026,38.2345199585
2083,1,302.4862060547,250.9477373678,38.2995567322
2083,2,301.8199462891,505.4344190285,37.0551376343
2083,3,301.7291870117,432.1112651378,39.445526123
2083,4,301.6849365234,370.5559638329,38.8258666992
2083,5,301.9279785156,331.1159620062,33.4398460388
2083,6,302.4559326172,143.3125430485,32.3308143616
2083,7,302.0775756836,214.6550668404,20.4593219757
2083,8,302.4537963867,186.420194339,20.3433742523
2083,9,302.8042602539,238.1537889596,20.6732063293
2083,10,303.0939941406,166.2463636603,26.7189369202
2083,11,302.2698364258,351.1092904955,38.4869041443
2083,12,302.41015625,258.9551999699,40.8171958923
2084,1,302.3214111328,305.1892204676,39.2916755676
2084,2,302.0736694336,460.9855050221,42.1399307251
2084,3,302.3670654297,197.9416315444,41.8404846191
2084,4,301.9747924805,319.4520995021,41.7704620361
2084,5,301.6480102539,244.7358292993,39.2610969543
2084,6,301.9738769531,86.5538738435,35.7627754211
2084,7,303.129699707,30.7142245292,37.0587806702
2084,8,303.3941650391,61.1491572345,35.5736694336
2084,9,305.3734741211,0.1951051672,33.8322219849
2084,10,305.8211669922,64.8856477928,37.6663627625
2084,11,304.3971557617,198.2237286866,41.1612281799
2084,12,302.977722168,256.3176350668,40.4727592468
2085,1,301.9202880859,687.5817412511,41.2936401367
2085,2,302.5416870117,279.3218102306,39.7313957214
2085,3,302.342956543,307.0431067608,40.1593551636
2085,4,302.7063598633,199.5801071171,39.1963539124
2085,5,302.053894043,320.034511853,41.7701759338
2085,6,302.4418945313,193.8726282679,39.0697517395
2085,7,302.2772827148,155.9691958828,40.1194839478
2085,8,303.0477294922,77.9627117445,39.3399963379
2085,9,304.8912353516,20.1035397768,40.171207428
2085,10,304.9095458984,88.7084053829,40.3695335388
2085,11,303.1731567383,262.4006965198,42.1959915161
2085,12,302.4762573242,335.1974124089,38.1370010376
2086,1,302.3009033203,315.8641587943,39.3664665222
2086,2,301.9331054688,509.4185178168,39.417224884
2086,3,303.0333251953,173.3649505768,39.9563102722
2086,4,302.3428955078,639.5583897829,38.9210090637
2086,5,302.2854003906,295.5618586857,39.4164276123
2086,6,302.8020019531,159.0695958585,34.88904953
2086,7,302.7375488281,109.3938695267,35.5946388245
2086,8,303.4341430664,84.9808211206,34.438293457
2086,9,304.4437255859,73.7813354353,34.0299949646
2086,10,305.5108642578,69.7845584946,39.4016304016
2086,11,303.3196411133,224.622386042,39.794216156
2086,12,303.0175170898,272.7563849185,38.7995033264
2087,1,302.98046875,303.170070285,39.1280860901
2087,2,303.0970458984,260.2791215759,39.9284667969
2087,3,302.0915527344,572.324030567,39.7051811218
2087,4,302.3942871094,270.8068443462,38.866558075
2087,5,302.4645385742,265.3909865767,35.707950592
2087,6,302.3937988281,176.7752934247,29.9390048981
2087,7,302.4866333008,21.6446260165,21.074180603
2087,8,303.9967651367,17.5364590832,18.7372684479
2087,9,305.2891845703,0.0476943694,18.9915962219
2087,10,306.0305175781,81.1658240855,33.1183204651
2087,11,303.8424682617,176.8599150237,42.0786094666
2087,12,302.7467651367,222.9160170536,40.5892181396
2088,1,302.2839355469,375.1178355888,38.0427398682
2088,2,302.0213623047,694.7013465688,41.9854125977
2088,3,302.8655395508,164.0116707422,40.537815094
2088,4,302.5264282227,376.5956489369,40.2230796814
2088,5,302.4077148438,281.9209964946,40.4054832458
2088,6,303.1401977539,43.7998718116,39.083152771
2088,7,303.8013305664,64.2438947107,38.9427719116
2088,8,304.0864257813,49.2431274033,39.6583786011
2088,9,305.3041992188,69.670502271,40.8744316101
2088,10,305.2079467773,112.4519115547,41.0838127136
2088,11,304.5017700195,93.8983195229,39.545249939
2088,12,303.5936279297,288.2318403572,39.3038330078
2089,1,302.8452758789,389.5199904218,37.4199943542
2089,2,302.2723388672,514.7823616862,39.3491134644
2089,3,302.3564453125,434.2861929908,41.028377533
2089,4,302.0464477539,575.7470279932,40.7742385864
2089,5,302.3979492188,278.7938257679,38.6637496948
2089,6,302.3957519531,92.529682559,39.3589668274
2089,7,303.4197387695,11.2433853792,40.2177696228
2089,8,303.8439941406,120.7754745847,40.8836860657
2089,9,304.2895507813,72.3487042123,39.2542533875
2089,10,305.8026123047,32.3925992707,40.7584877014
2089,11,304.6899414063,151.8945536809,40.0560340881
2089,12,302.7367553711,242.0530209783,39.022277832
2090,1,302.2240600586,526.1776302941,41.8845596313
2090,2,302.4022216797,351.5039021149,37.7450942993
2090,3,302.4429931641,380.1493411884,40.2008285522
2090,4,302.1923217773,305.9835545719,41.3279571533
2090,5,301.8629760742,294.7384624276,36.3240852356
2090,6,302.3538818359,117.3716570484,37.669467926
2090,7,302.4091796875,120.8353056572,27.8082103729
2090,8,303.8480834961,0.7675550287,31.3706264496
2090,9,304.9549560547,52.0169364754,28.2027339935
2090,10,304.1461791992,141.7099189712,40.4897041321
2090,11,304.8899536133,59.1590833501,40.0477867126
2090,12,302.7890014648,328.3381029032,39.452507019
2091,1,303.0230712891,209.0955767781,38.4110679626
2091,2,302.5668945313,314.9144430645,41.4133224487
2091,3,302.6143188477,473.6403473653,40.9473876953
2091,4,302.6518554688,327.7363409288,41.3612670898
2091,5,302.451171875,373.9132932387,35.0300827026
2091,6,302.6203613281,168.4993878007,30.5406036377
2091,7,303.3492431641,50.7118458627,24.5500907898
2091,8,304.001953125,67.5046221586,26.4051475525
2091,9,303.8263549805,196.377574699,25.8013362885
2091,10,304.397644043,113.9628983801,35.9640579224
2091,11,303.0348510742,306.027949322,38.5028266907
2091,12,302.2517700195,252.5620919187,39.1091575623
2092,1,302.6410522461,431.3057851978,38.3112716675
2092,2,301.9813232422,673.3129592612,40.6118469238
2092,3,302.6287231445,379.2335721664,40.2670173645
2092,4,302.0468139648,499.8983521946,36.9630737305
2092,5,302.5302124023,326.4723541215,33.6127281189
2092,6,302.5520019531,144.1899805795,33.3300437927
2092,7,302.717956543,142.2738775145,28.8942394257
2092,8,303.7815551758,36.4181271871,30.4570846558
2092,9,304.1473999023,173.1604782399,30.4709262848
2092,10,303.9590454102,130.9412971605,35.6393737793
2092,11,304.2408447266,98.5520076938,39.872253418
2092,12,303.2152099609,208.7383253966,38.7014312744
2093,1,302.9229125977,280.0903448369,38.7306137085
2093,2,302.7907714844,244.2103908397,37.6968269348
2093,3,302.2384643555,497.5570854731,41.0995445251
2093,4,303.0915527344,270.698139444,39.65990448
2093,5,302.4691162109,391.2052558735,38.5586280823
2093,6,302.8304443359,203.7796920631,33.8542480469
2093,7,302.9310302734,160.8029713389,22.8759708405
2093,8,303.30078125,94.6302859811,21.1840209961
2093,9,304.6010131836,38.1252953375,19.2452850342
2093,10,304.8893432617,101.7558414023,21.0184612274
2093,11,305.2679443359,76.9172898727,40.5273170471
2093,12,303.5009155273,318.3779879473,39.4304161072
2094,1,302.6647338867,420.2447030693,37.5166625977
2094,2,303.1525268555,328.5557767376,42.7826385498
2094,3,302.9777832031,201.8969510682,42.1385650635
2094,4,302.3980102539,441.9706715271,40.7920532227
2094,5,302.8563232422,265.9233086742,38.5186462402
2094,6,303.1420288086,131.0740193585,30.7473697662
2094,7,303.2787475586,77.1266561933,23.0960865021
2094,8,303.9044799805,124.0549811628,28.2562618256
2094,9,304.5213623047,114.0792224323,38.5762252808
2094,10,305.2872314453,63.526336744,41.3051109314
2094,11,304.5667724609,114.1770832473,40.0303573608
2094,12,302.9552001953,268.8857247122,41.0383110046
2095,1,302.7681884766,441.4710514247,40.2937240601
2095,2,302.6342773438,474.0410316736,39.6827735901
2095,3,302.7819824219,519.6307436563,40.8301849365
2095,4,302.7661132813,236.9667480234,41.9978179932
2095,5,302.4706420898,353.5769898444,39.543762207
2095,6,302.6411132813,277.7212983929,40.720993042
2095,7,302.8416748047,236.2371578347,37.1345748901
2095,8,303.6075439453,96.8737390358,35.7706680298
2095,9,304.0192260742,55.2232501796,38.042175293
2095,10,304.6572875977,92.4927655142,42.7852783203
2095,11,304.5206298828,150.0072487397,40.5053710938
2095,12,302.3748168945,354.9840054475,39.7937278748
2096,1,302.3123168945,423.1792450882,39.2284126282
2096,2,302.5649414063,370.0563814491,37.5481491089
2096,3,302.8077392578,338.3438950405,38.5950965881
2096,4,302.6165771484,319.7552813217,38.7237129211
2096,5,302.6270751953,237.3413122259,38.7577095032
2096,6,302.7668457031,100.8019200526,37.4205551147
2096,7,304.0557861328,8.116514633,33.3914871216
2096,8,304.5156860352,62.8176426399,37.130153656
2096,9,305.8768310547,38.858280197,35.8766441345
2096,10,306.8120727539,33.4624839888,40.8791313171
2096,11,304.9525756836,120.2878772747,41.0801506042
2096,12,303.5180664063,219.9635209981,39.8281288147
2097,1,302.7794799805,347.8018627502,39.2138557434
2097,2,302.7504272461,287.4529708643,37.4313430786
2097,3,302.8100585938,449.4309509173,39.1553077698
2097,4,302.8135986328,439.5735436119,40.9347229004
2097,5,302.4064941406,411.9451856241,38.4494819641
2097,6,303.2516479492,127.4846547749,35.2821769714
2097,7,302.677734375,219.6123988833,33.8557853699
2097,8,303.1545410156,179.2049724609,39.7999534607
2097,9,304.2412719727,56.5737822326,37.0636291504
2097,10,304.2708740234,149.7461702675,40.4607658386
2097,11,303.6522827148,141.7454215698,40.7419013977
2097,12,302.9378051758,300.5115527194,39.583694458
2098,1,302.5155639648,468.8498633914,40.2461051941
2098,2,302.719909668,333.2911161706,38.9526443481
2098,3,302.2754516602,596.522601787,41.4914245605
2098,4,302.5152587891,335.6824354269,40.9967880249
2098,5,302.216796875,378.60506773,33.9277305603
2098,6,302.9739379883,143.4701972175,24.5026111603
2098,7,303.257019043,10.4450401413,19.3942947388
2098,8,304.3963012695,70.759031747,18.7149772644
2098,9,305.2616577148,54.0300328285,22.7637500763
2098,10,305.5364379883,71.7191955191,37.6947212219
2098,11,305.328918457,74.336170801,40.6889381409
2098,12,303.0602416992,328.2828829251,41.4318237305
2099,1,302.6445922852,399.5485268533,39.2065811157
2099,2,302.2304077148,603.2762238756,39.5202255249
2099,3,302.6152954102,513.509020675,41.7853050232
2099,4,303.0894775391,349.2852961645,40.4302558899
2099,5,302.6821289063,332.3639184237,39.6704101563
2099,6,303.1017456055,137.4949731398,35.3856658936
2099,7,303.1666870117,166.6107061319,36.8243026733
2099,8,304.5077514648,50.3870277316,38.5688514709
2099,9,304.0581665039,261.1518348567,40.1922531128
2099,10,303.9428710938,221.6617427766,41.3996772766
2099,11,302.6965942383,353.6336054094,40.7504005432
2099,12,302.749206543,347.824908793,39.8051681519
